center_name	PRIMARY_ID	EXTERNAL_ID	SUBMITTER_ID	TITLE	TAXON_ID	SCIENTIFIC_NAME	COMMON_NAME	DESCRIPTION	ENA-STUDY	ENA-EXPERIMENT	ENA-RUN	ENA-SUBMISSION	ENA-FASTQ-FILES	ENA-SUBMITTED-FILES	collection date	environment (biome)	environment (feature)	environment (material)	geographic location (country and/or sea)	geographic location (latitude)	geographic location (longitude)	host body site	host disease status	human-associated environmental package	investigation type	project name	sequencing method	ENA-CHECKLIST	ENA-SPOT-COUNT	ENA-BASE-COUNT	ENA-FIRST-PUBLIC	ENA-LAST-UPDATE
Universidade Federal do ABC	ERS1421303	SAMEA4522124	LP02-S1-ITS_S1_L001_R1_001.fastq.gz	Human skin samples	646099	human metagenome	human metagenome	LP02-S1-ITS_S1_L001_R1_001	ERP018577	ERX1771494	ERR1701206	ERA740395	https://www.ebi.ac.uk/ena/portal/api/filereport?accession=ERS1421303&result=read_run&fields=run_accession,fastq_ftp,fastq_md5,fastq_bytes	https://www.ebi.ac.uk/ena/portal/api/filereport?accession=ERS1421303&result=read_run&fields=run_accession,submitted_ftp,submitted_md5,submitted_bytes,submitted_format	2014	Skin	Skin	Swab	Brazil	10°S 55°W	10°S 55°W	Scalp	Dandruff	human-associated	metagenome	Dandruff	Illumina Miseq Sequencing	ERC000014	83201	13780906	2016-12-23	2016-10-23
Universidade Federal do ABC	ERS1421304	SAMEA4522125	LP02-T1-ITS_S2_L001_R1_001.fastq.gz	Human skin samples	646099	human metagenome	human metagenome	LP02-T1-ITS_S2_L001_R1_001	ERP018577	ERX1771495	ERR1701207	ERA740395	https://www.ebi.ac.uk/ena/portal/api/filereport?accession=ERS1421304&result=read_run&fields=run_accession,fastq_ftp,fastq_md5,fastq_bytes	https://www.ebi.ac.uk/ena/portal/api/filereport?accession=ERS1421304&result=read_run&fields=run_accession,submitted_ftp,submitted_md5,submitted_bytes,submitted_format	2014	Skin	Skin	Swab	Brazil	10°S 55°W	10°S 55°W	Forehead	Dandruff	human-associated	metagenome	Dandruff	Illumina Miseq Sequencing	ERC000014	101164	15844691	2016-12-23	2016-10-23
Universidade Federal do ABC	ERS1421305	SAMEA4522126	LP03-S1-ITS_S3_L001_R1_001.fastq.gz	Human skin samples	646099	human metagenome	human metagenome	LP03-S1-ITS_S3_L001_R1_001	ERP018577	ERX1771496	ERR1701208	ERA740395	https://www.ebi.ac.uk/ena/portal/api/filereport?accession=ERS1421305&result=read_run&fields=run_accession,fastq_ftp,fastq_md5,fastq_bytes	https://www.ebi.ac.uk/ena/portal/api/filereport?accession=ERS1421305&result=read_run&fields=run_accession,submitted_ftp,submitted_md5,submitted_bytes,submitted_format	2014	Skin	Skin	Swab	Brazil	10°S 55°W	10°S 55°W	Scalp	Dandruff	human-associated	metagenome	Dandruff	Illumina Miseq Sequencing	ERC000014	273145	46657529	2016-12-23	2016-10-23
Universidade Federal do ABC	ERS1421306	SAMEA4522127	LP03-T1-ITS_S4_L001_R1_001.fastq.gz	Human skin samples	646099	human metagenome	human metagenome	LP03-T1-ITS_S4_L001_R1_001	ERP018577	ERX1771497	ERR1701209	ERA740395	https://www.ebi.ac.uk/ena/portal/api/filereport?accession=ERS1421306&result=read_run&fields=run_accession,fastq_ftp,fastq_md5,fastq_bytes	https://www.ebi.ac.uk/ena/portal/api/filereport?accession=ERS1421306&result=read_run&fields=run_accession,submitted_ftp,submitted_md5,submitted_bytes,submitted_format	2014	Skin	Skin	Swab	Brazil	10°S 55°W	10°S 55°W	Forehead	Dandruff	human-associated	metagenome	Dandruff	Illumina Miseq Sequencing	ERC000014	57803	7557684	2016-12-23	2016-10-23
Universidade Federal do ABC	ERS1421307	SAMEA4522128	LP04-S1-ITS_S5_L001_R1_001.fastq.gz	Human skin samples	646099	human metagenome	human metagenome	LP04-S1-ITS_S5_L001_R1_001	ERP018577	ERX1771498	ERR1701210	ERA740395	https://www.ebi.ac.uk/ena/portal/api/filereport?accession=ERS1421307&result=read_run&fields=run_accession,fastq_ftp,fastq_md5,fastq_bytes	https://www.ebi.ac.uk/ena/portal/api/filereport?accession=ERS1421307&result=read_run&fields=run_accession,submitted_ftp,submitted_md5,submitted_bytes,submitted_format	2014	Skin	Skin	Swab	Brazil	10°S 55°W	10°S 55°W	Scalp	Dandruff	human-associated	metagenome	Dandruff	Illumina Miseq Sequencing	ERC000014	153843	22492436	2016-12-23	2016-10-23
Universidade Federal do ABC	ERS1421308	SAMEA4522129	LP04-T1-ITS_S6_L001_R1_001.fastq.gz	Human skin samples	646099	human metagenome	human metagenome	LP04-T1-ITS_S6_L001_R1_001	ERP018577	ERX1771499	ERR1701211	ERA740395	https://www.ebi.ac.uk/ena/portal/api/filereport?accession=ERS1421308&result=read_run&fields=run_accession,fastq_ftp,fastq_md5,fastq_bytes	https://www.ebi.ac.uk/ena/portal/api/filereport?accession=ERS1421308&result=read_run&fields=run_accession,submitted_ftp,submitted_md5,submitted_bytes,submitted_format	2014	Skin	Skin	Swab	Brazil	10°S 55°W	10°S 55°W	Forehead	Dandruff	human-associated	metagenome	Dandruff	Illumina Miseq Sequencing	ERC000014	121286	21836583	2016-12-23	2016-10-23
Universidade Federal do ABC	ERS1421309	SAMEA4522130	LP05-S1-ITS_S7_L001_R1_001.fastq.gz	Human skin samples	646099	human metagenome	human metagenome	LP05-S1-ITS_S7_L001_R1_001	ERP018577	ERX1771500	ERR1701212	ERA740395	https://www.ebi.ac.uk/ena/portal/api/filereport?accession=ERS1421309&result=read_run&fields=run_accession,fastq_ftp,fastq_md5,fastq_bytes	https://www.ebi.ac.uk/ena/portal/api/filereport?accession=ERS1421309&result=read_run&fields=run_accession,submitted_ftp,submitted_md5,submitted_bytes,submitted_format	2014	Skin	Skin	Swab	Brazil	10°S 55°W	10°S 55°W	Scalp	Dandruff	human-associated	metagenome	Dandruff	Illumina Miseq Sequencing	ERC000014	269188	32209835	2016-12-23	2016-10-23
Universidade Federal do ABC	ERS1421310	SAMEA4522131	LP05-T1-ITS_S8_L001_R1_001.fastq.gz	Human skin samples	646099	human metagenome	human metagenome	LP05-T1-ITS_S8_L001_R1_001	ERP018577	ERX1771501	ERR1701213	ERA740395	https://www.ebi.ac.uk/ena/portal/api/filereport?accession=ERS1421310&result=read_run&fields=run_accession,fastq_ftp,fastq_md5,fastq_bytes	https://www.ebi.ac.uk/ena/portal/api/filereport?accession=ERS1421310&result=read_run&fields=run_accession,submitted_ftp,submitted_md5,submitted_bytes,submitted_format	2014	Skin	Skin	Swab	Brazil	10°S 55°W	10°S 55°W	Forehead	Dandruff	human-associated	metagenome	Dandruff	Illumina Miseq Sequencing	ERC000014	154406	23041373	2016-12-23	2016-10-23
Universidade Federal do ABC	ERS1421311	SAMEA4522132	LP07-S1-ITS_S9_L001_R1_001.fastq.gz	Human skin samples	646099	human metagenome	human metagenome	LP07-S1-ITS_S9_L001_R1_001	ERP018577	ERX1771502	ERR1701214	ERA740395	https://www.ebi.ac.uk/ena/portal/api/filereport?accession=ERS1421311&result=read_run&fields=run_accession,fastq_ftp,fastq_md5,fastq_bytes	https://www.ebi.ac.uk/ena/portal/api/filereport?accession=ERS1421311&result=read_run&fields=run_accession,submitted_ftp,submitted_md5,submitted_bytes,submitted_format	2014	Skin	Skin	Swab	Brazil	10°S 55°W	10°S 55°W	Scalp	Dandruff	human-associated	metagenome	Dandruff	Illumina Miseq Sequencing	ERC000014	159842	26548766	2016-12-23	2016-10-23
Universidade Federal do ABC	ERS1421312	SAMEA4522133	LP07-T1-ITS_S10_L001_R1_001.fastq.gz	Human skin samples	646099	human metagenome	human metagenome	LP07-T1-ITS_S10_L001_R1_001	ERP018577	ERX1771503	ERR1701215	ERA740395	https://www.ebi.ac.uk/ena/portal/api/filereport?accession=ERS1421312&result=read_run&fields=run_accession,fastq_ftp,fastq_md5,fastq_bytes	https://www.ebi.ac.uk/ena/portal/api/filereport?accession=ERS1421312&result=read_run&fields=run_accession,submitted_ftp,submitted_md5,submitted_bytes,submitted_format	2014	Skin	Skin	Swab	Brazil	10°S 55°W	10°S 55°W	Forehead	Dandruff	human-associated	metagenome	Dandruff	Illumina Miseq Sequencing	ERC000014	157809	25232817	2016-12-23	2016-10-23
Universidade Federal do ABC	ERS1421313	SAMEA4522134	LP08-S1-ITS_S11_L001_R1_001.fastq.gz	Human skin samples	646099	human metagenome	human metagenome	LP08-S1-ITS_S11_L001_R1_001	ERP018577	ERX1771504	ERR1701216	ERA740395	https://www.ebi.ac.uk/ena/portal/api/filereport?accession=ERS1421313&result=read_run&fields=run_accession,fastq_ftp,fastq_md5,fastq_bytes	https://www.ebi.ac.uk/ena/portal/api/filereport?accession=ERS1421313&result=read_run&fields=run_accession,submitted_ftp,submitted_md5,submitted_bytes,submitted_format	2014	Skin	Skin	Swab	Brazil	10°S 55°W	10°S 55°W	Scalp	Dandruff	human-associated	metagenome	Dandruff	Illumina Miseq Sequencing	ERC000014	216143	32342977	2016-12-23	2016-10-23
Universidade Federal do ABC	ERS1421314	SAMEA4522135	LP08-T1-ITS_S12_L001_R1_001.fastq.gz	Human skin samples	646099	human metagenome	human metagenome	LP08-T1-ITS_S12_L001_R1_001	ERP018577	ERX1771505	ERR1701217	ERA740395	https://www.ebi.ac.uk/ena/portal/api/filereport?accession=ERS1421314&result=read_run&fields=run_accession,fastq_ftp,fastq_md5,fastq_bytes	https://www.ebi.ac.uk/ena/portal/api/filereport?accession=ERS1421314&result=read_run&fields=run_accession,submitted_ftp,submitted_md5,submitted_bytes,submitted_format	2014	Skin	Skin	Swab	Brazil	10°S 55°W	10°S 55°W	Forehead	Dandruff	human-associated	metagenome	Dandruff	Illumina Miseq Sequencing	ERC000014	120420	19104790	2016-12-23	2016-10-23
Universidade Federal do ABC	ERS1421315	SAMEA4522136	LP10-S1-ITS_S13_L001_R1_001.fastq.gz	Human skin samples	646099	human metagenome	human metagenome	LP10-S1-ITS_S13_L001_R1_001	ERP018577	ERX1771506	ERR1701218	ERA740395	https://www.ebi.ac.uk/ena/portal/api/filereport?accession=ERS1421315&result=read_run&fields=run_accession,fastq_ftp,fastq_md5,fastq_bytes	https://www.ebi.ac.uk/ena/portal/api/filereport?accession=ERS1421315&result=read_run&fields=run_accession,submitted_ftp,submitted_md5,submitted_bytes,submitted_format	2014	Skin	Skin	Swab	Brazil	10°S 55°W	10°S 55°W	Scalp	Dandruff	human-associated	metagenome	Dandruff	Illumina Miseq Sequencing	ERC000014	274750	26836535	2016-12-23	2016-10-23
Universidade Federal do ABC	ERS1421316	SAMEA4522137	LP10-T1-ITS_S14_L001_R1_001.fastq.gz	Human skin samples	646099	human metagenome	human metagenome	LP10-T1-ITS_S14_L001_R1_001	ERP018577	ERX1771507	ERR1701219	ERA740395	https://www.ebi.ac.uk/ena/portal/api/filereport?accession=ERS1421316&result=read_run&fields=run_accession,fastq_ftp,fastq_md5,fastq_bytes	https://www.ebi.ac.uk/ena/portal/api/filereport?accession=ERS1421316&result=read_run&fields=run_accession,submitted_ftp,submitted_md5,submitted_bytes,submitted_format	2014	Skin	Skin	Swab	Brazil	10°S 55°W	10°S 55°W	Forehead	Dandruff	human-associated	metagenome	Dandruff	Illumina Miseq Sequencing	ERC000014	193752	29985254	2016-12-23	2016-10-23
Universidade Federal do ABC	ERS1421317	SAMEA4522138	LP12-S1-ITS_S15_L001_R1_001.fastq.gz	Human skin samples	646099	human metagenome	human metagenome	LP12-S1-ITS_S15_L001_R1_001	ERP018577	ERX1771508	ERR1701220	ERA740395	https://www.ebi.ac.uk/ena/portal/api/filereport?accession=ERS1421317&result=read_run&fields=run_accession,fastq_ftp,fastq_md5,fastq_bytes	https://www.ebi.ac.uk/ena/portal/api/filereport?accession=ERS1421317&result=read_run&fields=run_accession,submitted_ftp,submitted_md5,submitted_bytes,submitted_format	2014	Skin	Skin	Swab	Brazil	10°S 55°W	10°S 55°W	Scalp	Dandruff	human-associated	metagenome	Dandruff	Illumina Miseq Sequencing	ERC000014	385177	36423194	2016-12-23	2016-10-23
Universidade Federal do ABC	ERS1421318	SAMEA4522139	LP12-T1-ITS_S16_L001_R1_001.fastq.gz	Human skin samples	646099	human metagenome	human metagenome	LP12-T1-ITS_S16_L001_R1_001	ERP018577	ERX1771509	ERR1701221	ERA740395	https://www.ebi.ac.uk/ena/portal/api/filereport?accession=ERS1421318&result=read_run&fields=run_accession,fastq_ftp,fastq_md5,fastq_bytes	https://www.ebi.ac.uk/ena/portal/api/filereport?accession=ERS1421318&result=read_run&fields=run_accession,submitted_ftp,submitted_md5,submitted_bytes,submitted_format	2014	Skin	Skin	Swab	Brazil	10°S 55°W	10°S 55°W	Forehead	Dandruff	human-associated	metagenome	Dandruff	Illumina Miseq Sequencing	ERC000014	196319	24096369	2016-12-23	2016-10-23
Universidade Federal do ABC	ERS1421319	SAMEA4522140	LP14-S1-ITS_S17_L001_R1_001.fastq.gz	Human skin samples	646099	human metagenome	human metagenome	LP14-S1-ITS_S17_L001_R1_001	ERP018577	ERX1771510	ERR1701222	ERA740395	https://www.ebi.ac.uk/ena/portal/api/filereport?accession=ERS1421319&result=read_run&fields=run_accession,fastq_ftp,fastq_md5,fastq_bytes	https://www.ebi.ac.uk/ena/portal/api/filereport?accession=ERS1421319&result=read_run&fields=run_accession,submitted_ftp,submitted_md5,submitted_bytes,submitted_format	2014	Skin	Skin	Swab	Brazil	10°S 55°W	10°S 55°W	Scalp	Dandruff	human-associated	metagenome	Dandruff	Illumina Miseq Sequencing	ERC000014	267252	25249467	2016-12-23	2016-10-23
Universidade Federal do ABC	ERS1421320	SAMEA4522141	LP14-T1-ITS_S18_L001_R1_001.fastq.gz	Human skin samples	646099	human metagenome	human metagenome	LP14-T1-ITS_S18_L001_R1_001	ERP018577	ERX1771511	ERR1701223	ERA740395	https://www.ebi.ac.uk/ena/portal/api/filereport?accession=ERS1421320&result=read_run&fields=run_accession,fastq_ftp,fastq_md5,fastq_bytes	https://www.ebi.ac.uk/ena/portal/api/filereport?accession=ERS1421320&result=read_run&fields=run_accession,submitted_ftp,submitted_md5,submitted_bytes,submitted_format	2014	Skin	Skin	Swab	Brazil	10°S 55°W	10°S 55°W	Forehead	Dandruff	human-associated	metagenome	Dandruff	Illumina Miseq Sequencing	ERC000014	279219	48216171	2016-12-23	2016-10-23
Universidade Federal do ABC	ERS1421321	SAMEA4522142	LP15-S1-ITS_S19_L001_R1_001.fastq.gz	Human skin samples	646099	human metagenome	human metagenome	LP15-S1-ITS_S19_L001_R1_001	ERP018577	ERX1771512	ERR1701224	ERA740395	https://www.ebi.ac.uk/ena/portal/api/filereport?accession=ERS1421321&result=read_run&fields=run_accession,fastq_ftp,fastq_md5,fastq_bytes	https://www.ebi.ac.uk/ena/portal/api/filereport?accession=ERS1421321&result=read_run&fields=run_accession,submitted_ftp,submitted_md5,submitted_bytes,submitted_format	2014	Skin	Skin	Swab	Brazil	10°S 55°W	10°S 55°W	Scalp	Dandruff	human-associated	metagenome	Dandruff	Illumina Miseq Sequencing	ERC000014	250404	51975148	2016-12-23	2016-10-23
Universidade Federal do ABC	ERS1421322	SAMEA4522143	LP15-T1-ITS_S20_L001_R1_001.fastq.gz	Human skin samples	646099	human metagenome	human metagenome	LP15-T1-ITS_S20_L001_R1_001	ERP018577	ERX1771513	ERR1701225	ERA740395	https://www.ebi.ac.uk/ena/portal/api/filereport?accession=ERS1421322&result=read_run&fields=run_accession,fastq_ftp,fastq_md5,fastq_bytes	https://www.ebi.ac.uk/ena/portal/api/filereport?accession=ERS1421322&result=read_run&fields=run_accession,submitted_ftp,submitted_md5,submitted_bytes,submitted_format	2014	Skin	Skin	Swab	Brazil	10°S 55°W	10°S 55°W	Forehead	Dandruff	human-associated	metagenome	Dandruff	Illumina Miseq Sequencing	ERC000014	233971	30772697	2016-12-23	2016-10-23
Universidade Federal do ABC	ERS1421323	SAMEA4522144	LP16-S1-ITS_S21_L001_R1_001.fastq.gz	Human skin samples	646099	human metagenome	human metagenome	LP16-S1-ITS_S21_L001_R1_001	ERP018577	ERX1771514	ERR1701226	ERA740395	https://www.ebi.ac.uk/ena/portal/api/filereport?accession=ERS1421323&result=read_run&fields=run_accession,fastq_ftp,fastq_md5,fastq_bytes	https://www.ebi.ac.uk/ena/portal/api/filereport?accession=ERS1421323&result=read_run&fields=run_accession,submitted_ftp,submitted_md5,submitted_bytes,submitted_format	2014	Skin	Skin	Swab	Brazil	10°S 55°W	10°S 55°W	Scalp	Dandruff	human-associated	metagenome	Dandruff	Illumina Miseq Sequencing	ERC000014	287421	37815793	2016-12-23	2016-10-23
Universidade Federal do ABC	ERS1421324	SAMEA4522145	LP16-T1-ITS_S22_L001_R1_001.fastq.gz	Human skin samples	646099	human metagenome	human metagenome	LP16-T1-ITS_S22_L001_R1_001	ERP018577	ERX1771515	ERR1701227	ERA740395	https://www.ebi.ac.uk/ena/portal/api/filereport?accession=ERS1421324&result=read_run&fields=run_accession,fastq_ftp,fastq_md5,fastq_bytes	https://www.ebi.ac.uk/ena/portal/api/filereport?accession=ERS1421324&result=read_run&fields=run_accession,submitted_ftp,submitted_md5,submitted_bytes,submitted_format	2014	Skin	Skin	Swab	Brazil	10°S 55°W	10°S 55°W	Forehead	Dandruff	human-associated	metagenome	Dandruff	Illumina Miseq Sequencing	ERC000014	146655	22608497	2016-12-23	2016-10-23
Universidade Federal do ABC	ERS1421325	SAMEA4522146	LP19-S1-ITS_S23_L001_R1_001.fastq.gz	Human skin samples	646099	human metagenome	human metagenome	LP19-S1-ITS_S23_L001_R1_001	ERP018577	ERX1771516	ERR1701228	ERA740395	https://www.ebi.ac.uk/ena/portal/api/filereport?accession=ERS1421325&result=read_run&fields=run_accession,fastq_ftp,fastq_md5,fastq_bytes	https://www.ebi.ac.uk/ena/portal/api/filereport?accession=ERS1421325&result=read_run&fields=run_accession,submitted_ftp,submitted_md5,submitted_bytes,submitted_format	2014	Skin	Skin	Swab	Brazil	10°S 55°W	10°S 55°W	Scalp	Dandruff	human-associated	metagenome	Dandruff	Illumina Miseq Sequencing	ERC000014	323058	50944154	2016-12-23	2016-10-23
Universidade Federal do ABC	ERS1421326	SAMEA4522147	LP19-T1-ITS_S24_L001_R1_001.fastq.gz	Human skin samples	646099	human metagenome	human metagenome	LP19-T1-ITS_S24_L001_R1_001	ERP018577	ERX1771517	ERR1701229	ERA740395	https://www.ebi.ac.uk/ena/portal/api/filereport?accession=ERS1421326&result=read_run&fields=run_accession,fastq_ftp,fastq_md5,fastq_bytes	https://www.ebi.ac.uk/ena/portal/api/filereport?accession=ERS1421326&result=read_run&fields=run_accession,submitted_ftp,submitted_md5,submitted_bytes,submitted_format	2014	Skin	Skin	Swab	Brazil	10°S 55°W	10°S 55°W	Forehead	Dandruff	human-associated	metagenome	Dandruff	Illumina Miseq Sequencing	ERC000014	204420	28123384	2016-12-23	2016-10-23
Universidade Federal do ABC	ERS1421327	SAMEA4522148	LP20-S1-ITS_S25_L001_R1_001.fastq.gz	Human skin samples	646099	human metagenome	human metagenome	LP20-S1-ITS_S25_L001_R1_001	ERP018577	ERX1771518	ERR1701230	ERA740395	https://www.ebi.ac.uk/ena/portal/api/filereport?accession=ERS1421327&result=read_run&fields=run_accession,fastq_ftp,fastq_md5,fastq_bytes	https://www.ebi.ac.uk/ena/portal/api/filereport?accession=ERS1421327&result=read_run&fields=run_accession,submitted_ftp,submitted_md5,submitted_bytes,submitted_format	2014	Skin	Skin	Swab	Brazil	10°S 55°W	10°S 55°W	Scalp	Dandruff	human-associated	metagenome	Dandruff	Illumina Miseq Sequencing	ERC000014	218007	31134227	2016-12-23	2016-10-23
Universidade Federal do ABC	ERS1421328	SAMEA4522149	LP20-T1-ITS_S26_L001_R1_001.fastq.gz	Human skin samples	646099	human metagenome	human metagenome	LP20-T1-ITS_S26_L001_R1_001	ERP018577	ERX1771519	ERR1701231	ERA740395	https://www.ebi.ac.uk/ena/portal/api/filereport?accession=ERS1421328&result=read_run&fields=run_accession,fastq_ftp,fastq_md5,fastq_bytes	https://www.ebi.ac.uk/ena/portal/api/filereport?accession=ERS1421328&result=read_run&fields=run_accession,submitted_ftp,submitted_md5,submitted_bytes,submitted_format	2014	Skin	Skin	Swab	Brazil	10°S 55°W	10°S 55°W	Forehead	Dandruff	human-associated	metagenome	Dandruff	Illumina Miseq Sequencing	ERC000014	89042	12637482	2016-12-23	2016-10-23
Universidade Federal do ABC	ERS1421329	SAMEA4522150	LH01-S1-ITS_S27_L001_R1_001.fastq.gz	Human skin samples	646099	human metagenome	human metagenome	LH01-S1-ITS_S27_L001_R1_001	ERP018577	ERX1771520	ERR1701232	ERA740395	https://www.ebi.ac.uk/ena/portal/api/filereport?accession=ERS1421329&result=read_run&fields=run_accession,fastq_ftp,fastq_md5,fastq_bytes	https://www.ebi.ac.uk/ena/portal/api/filereport?accession=ERS1421329&result=read_run&fields=run_accession,submitted_ftp,submitted_md5,submitted_bytes,submitted_format	2014	Skin	Skin	Swab	Brazil	10°S 55°W	10°S 55°W	Scalp	Health	human-associated	metagenome	Dandruff	Illumina Miseq Sequencing	ERC000014	136552	24476580	2016-12-23	2016-10-23
Universidade Federal do ABC	ERS1421330	SAMEA4522151	LH01-T1-ITS_S28_L001_R1_001.fastq.gz	Human skin samples	646099	human metagenome	human metagenome	LH01-T1-ITS_S28_L001_R1_001	ERP018577	ERX1771521	ERR1701233	ERA740395	https://www.ebi.ac.uk/ena/portal/api/filereport?accession=ERS1421330&result=read_run&fields=run_accession,fastq_ftp,fastq_md5,fastq_bytes	https://www.ebi.ac.uk/ena/portal/api/filereport?accession=ERS1421330&result=read_run&fields=run_accession,submitted_ftp,submitted_md5,submitted_bytes,submitted_format	2014	Skin	Skin	Swab	Brazil	10°S 55°W	10°S 55°W	Forehead	Health	human-associated	metagenome	Dandruff	Illumina Miseq Sequencing	ERC000014	143802	19452250	2016-12-23	2016-10-23
Universidade Federal do ABC	ERS1421331	SAMEA4522152	LH02-S1-ITS_S29_L001_R1_001.fastq.gz	Human skin samples	646099	human metagenome	human metagenome	LH02-S1-ITS_S29_L001_R1_001	ERP018577	ERX1771522	ERR1701234	ERA740395	https://www.ebi.ac.uk/ena/portal/api/filereport?accession=ERS1421331&result=read_run&fields=run_accession,fastq_ftp,fastq_md5,fastq_bytes	https://www.ebi.ac.uk/ena/portal/api/filereport?accession=ERS1421331&result=read_run&fields=run_accession,submitted_ftp,submitted_md5,submitted_bytes,submitted_format	2014	Skin	Skin	Swab	Brazil	10°S 55°W	10°S 55°W	Scalp	Health	human-associated	metagenome	Dandruff	Illumina Miseq Sequencing	ERC000014	185200	29665052	2016-12-23	2016-10-23
Universidade Federal do ABC	ERS1421332	SAMEA4522153	LH02-T1-ITS_S30_L001_R1_001.fastq.gz	Human skin samples	646099	human metagenome	human metagenome	LH02-T1-ITS_S30_L001_R1_001	ERP018577	ERX1771523	ERR1701235	ERA740395	https://www.ebi.ac.uk/ena/portal/api/filereport?accession=ERS1421332&result=read_run&fields=run_accession,fastq_ftp,fastq_md5,fastq_bytes	https://www.ebi.ac.uk/ena/portal/api/filereport?accession=ERS1421332&result=read_run&fields=run_accession,submitted_ftp,submitted_md5,submitted_bytes,submitted_format	2014	Skin	Skin	Swab	Brazil	10°S 55°W	10°S 55°W	Forehead	Health	human-associated	metagenome	Dandruff	Illumina Miseq Sequencing	ERC000014	169937	27897831	2016-12-23	2016-10-23
Universidade Federal do ABC	ERS1421333	SAMEA4522154	LH03-S1-ITS_S31_L001_R1_001.fastq.gz	Human skin samples	646099	human metagenome	human metagenome	LH03-S1-ITS_S31_L001_R1_001	ERP018577	ERX1771524	ERR1701236	ERA740395	https://www.ebi.ac.uk/ena/portal/api/filereport?accession=ERS1421333&result=read_run&fields=run_accession,fastq_ftp,fastq_md5,fastq_bytes	https://www.ebi.ac.uk/ena/portal/api/filereport?accession=ERS1421333&result=read_run&fields=run_accession,submitted_ftp,submitted_md5,submitted_bytes,submitted_format	2014	Skin	Skin	Swab	Brazil	10°S 55°W	10°S 55°W	Scalp	Health	human-associated	metagenome	Dandruff	Illumina Miseq Sequencing	ERC000014	272443	49024720	2016-12-23	2016-10-23
Universidade Federal do ABC	ERS1421334	SAMEA4522155	LH03-T1-ITS_S32_L001_R1_001.fastq.gz	Human skin samples	646099	human metagenome	human metagenome	LH03-T1-ITS_S32_L001_R1_001	ERP018577	ERX1771525	ERR1701237	ERA740395	https://www.ebi.ac.uk/ena/portal/api/filereport?accession=ERS1421334&result=read_run&fields=run_accession,fastq_ftp,fastq_md5,fastq_bytes	https://www.ebi.ac.uk/ena/portal/api/filereport?accession=ERS1421334&result=read_run&fields=run_accession,submitted_ftp,submitted_md5,submitted_bytes,submitted_format	2014	Skin	Skin	Swab	Brazil	10°S 55°W	10°S 55°W	Forehead	Health	human-associated	metagenome	Dandruff	Illumina Miseq Sequencing	ERC000014	166073	27598566	2016-12-23	2016-10-23
Universidade Federal do ABC	ERS1421335	SAMEA4522156	LH12-S1-ITS_S33_L001_R1_001.fastq.gz	Human skin samples	646099	human metagenome	human metagenome	LH12-S1-ITS_S33_L001_R1_001	ERP018577	ERX1771526	ERR1701238	ERA740395	https://www.ebi.ac.uk/ena/portal/api/filereport?accession=ERS1421335&result=read_run&fields=run_accession,fastq_ftp,fastq_md5,fastq_bytes	https://www.ebi.ac.uk/ena/portal/api/filereport?accession=ERS1421335&result=read_run&fields=run_accession,submitted_ftp,submitted_md5,submitted_bytes,submitted_format	2014	Skin	Skin	Swab	Brazil	10°S 55°W	10°S 55°W	Scalp	Health	human-associated	metagenome	Dandruff	Illumina Miseq Sequencing	ERC000014	265366	32469459	2016-12-23	2016-10-23
Universidade Federal do ABC	ERS1421336	SAMEA4522157	LH12-T1-ITS_S34_L001_R1_001.fastq.gz	Human skin samples	646099	human metagenome	human metagenome	LH12-T1-ITS_S34_L001_R1_001	ERP018577	ERX1771527	ERR1701239	ERA740395	https://www.ebi.ac.uk/ena/portal/api/filereport?accession=ERS1421336&result=read_run&fields=run_accession,fastq_ftp,fastq_md5,fastq_bytes	https://www.ebi.ac.uk/ena/portal/api/filereport?accession=ERS1421336&result=read_run&fields=run_accession,submitted_ftp,submitted_md5,submitted_bytes,submitted_format	2014	Skin	Skin	Swab	Brazil	10°S 55°W	10°S 55°W	Forehead	Health	human-associated	metagenome	Dandruff	Illumina Miseq Sequencing	ERC000014	228281	30886028	2016-12-23	2016-10-23
Universidade Federal do ABC	ERS1421337	SAMEA4522158	LH05-S1-ITS_S35_L001_R1_001.fastq.gz	Human skin samples	646099	human metagenome	human metagenome	LH05-S1-ITS_S35_L001_R1_001	ERP018577	ERX1771528	ERR1701240	ERA740395	https://www.ebi.ac.uk/ena/portal/api/filereport?accession=ERS1421337&result=read_run&fields=run_accession,fastq_ftp,fastq_md5,fastq_bytes	https://www.ebi.ac.uk/ena/portal/api/filereport?accession=ERS1421337&result=read_run&fields=run_accession,submitted_ftp,submitted_md5,submitted_bytes,submitted_format	2014	Skin	Skin	Swab	Brazil	10°S 55°W	10°S 55°W	Scalp	Health	human-associated	metagenome	Dandruff	Illumina Miseq Sequencing	ERC000014	299176	37212446	2016-12-23	2016-10-23
Universidade Federal do ABC	ERS1421338	SAMEA4522159	LH05-T1-ITS_S36_L001_R1_001.fastq.gz	Human skin samples	646099	human metagenome	human metagenome	LH05-T1-ITS_S36_L001_R1_001	ERP018577	ERX1771529	ERR1701241	ERA740395	https://www.ebi.ac.uk/ena/portal/api/filereport?accession=ERS1421338&result=read_run&fields=run_accession,fastq_ftp,fastq_md5,fastq_bytes	https://www.ebi.ac.uk/ena/portal/api/filereport?accession=ERS1421338&result=read_run&fields=run_accession,submitted_ftp,submitted_md5,submitted_bytes,submitted_format	2014	Skin	Skin	Swab	Brazil	10°S 55°W	10°S 55°W	Forehead	Health	human-associated	metagenome	Dandruff	Illumina Miseq Sequencing	ERC000014	268509	46970574	2016-12-23	2016-10-23
Universidade Federal do ABC	ERS1421339	SAMEA4522160	LH06-S1-ITS_S37_L001_R1_001.fastq.gz	Human skin samples	646099	human metagenome	human metagenome	LH06-S1-ITS_S37_L001_R1_001	ERP018577	ERX1771530	ERR1701242	ERA740395	https://www.ebi.ac.uk/ena/portal/api/filereport?accession=ERS1421339&result=read_run&fields=run_accession,fastq_ftp,fastq_md5,fastq_bytes	https://www.ebi.ac.uk/ena/portal/api/filereport?accession=ERS1421339&result=read_run&fields=run_accession,submitted_ftp,submitted_md5,submitted_bytes,submitted_format	2014	Skin	Skin	Swab	Brazil	10°S 55°W	10°S 55°W	Scalp	Health	human-associated	metagenome	Dandruff	Illumina Miseq Sequencing	ERC000014	212107	33111031	2016-12-23	2016-10-23
Universidade Federal do ABC	ERS1421340	SAMEA4522161	LH06-T1-ITS_S38_L001_R1_001.fastq.gz	Human skin samples	646099	human metagenome	human metagenome	LH06-T1-ITS_S38_L001_R1_001	ERP018577	ERX1771531	ERR1701243	ERA740395	https://www.ebi.ac.uk/ena/portal/api/filereport?accession=ERS1421340&result=read_run&fields=run_accession,fastq_ftp,fastq_md5,fastq_bytes	https://www.ebi.ac.uk/ena/portal/api/filereport?accession=ERS1421340&result=read_run&fields=run_accession,submitted_ftp,submitted_md5,submitted_bytes,submitted_format	2014	Skin	Skin	Swab	Brazil	10°S 55°W	10°S 55°W	Forehead	Health	human-associated	metagenome	Dandruff	Illumina Miseq Sequencing	ERC000014	118446	18577502	2016-12-23	2016-10-23
Universidade Federal do ABC	ERS1421341	SAMEA4522162	LH08-S1-ITS_S39_L001_R1_001.fastq.gz	Human skin samples	646099	human metagenome	human metagenome	LH08-S1-ITS_S39_L001_R1_001	ERP018577	ERX1771532	ERR1701244	ERA740395	https://www.ebi.ac.uk/ena/portal/api/filereport?accession=ERS1421341&result=read_run&fields=run_accession,fastq_ftp,fastq_md5,fastq_bytes	https://www.ebi.ac.uk/ena/portal/api/filereport?accession=ERS1421341&result=read_run&fields=run_accession,submitted_ftp,submitted_md5,submitted_bytes,submitted_format	2014	Skin	Skin	Swab	Brazil	10°S 55°W	10°S 55°W	Scalp	Health	human-associated	metagenome	Dandruff	Illumina Miseq Sequencing	ERC000014	97655	12790380	2016-12-23	2016-10-23
Universidade Federal do ABC	ERS1421342	SAMEA4522163	LH08-T1-ITS_S40_L001_R1_001.fastq.gz	Human skin samples	646099	human metagenome	human metagenome	LH08-T1-ITS_S40_L001_R1_001	ERP018577	ERX1771533	ERR1701245	ERA740395	https://www.ebi.ac.uk/ena/portal/api/filereport?accession=ERS1421342&result=read_run&fields=run_accession,fastq_ftp,fastq_md5,fastq_bytes	https://www.ebi.ac.uk/ena/portal/api/filereport?accession=ERS1421342&result=read_run&fields=run_accession,submitted_ftp,submitted_md5,submitted_bytes,submitted_format	2014	Skin	Skin	Swab	Brazil	10°S 55°W	10°S 55°W	Forehead	Health	human-associated	metagenome	Dandruff	Illumina Miseq Sequencing	ERC000014	112545	18440052	2016-12-23	2016-10-23
Universidade Federal do ABC	ERS1421343	SAMEA4522164	LH09-S1-ITS_S41_L001_R1_001.fastq.gz	Human skin samples	646099	human metagenome	human metagenome	LH09-S1-ITS_S41_L001_R1_001	ERP018577	ERX1771534	ERR1701246	ERA740395	https://www.ebi.ac.uk/ena/portal/api/filereport?accession=ERS1421343&result=read_run&fields=run_accession,fastq_ftp,fastq_md5,fastq_bytes	https://www.ebi.ac.uk/ena/portal/api/filereport?accession=ERS1421343&result=read_run&fields=run_accession,submitted_ftp,submitted_md5,submitted_bytes,submitted_format	2014	Skin	Skin	Swab	Brazil	10°S 55°W	10°S 55°W	Scalp	Health	human-associated	metagenome	Dandruff	Illumina Miseq Sequencing	ERC000014	116101	18218537	2016-12-23	2016-10-23
Universidade Federal do ABC	ERS1421344	SAMEA4522165	LH09-T1-ITS_S42_L001_R1_001.fastq.gz	Human skin samples	646099	human metagenome	human metagenome	LH09-T1-ITS_S42_L001_R1_001	ERP018577	ERX1771535	ERR1701247	ERA740395	https://www.ebi.ac.uk/ena/portal/api/filereport?accession=ERS1421344&result=read_run&fields=run_accession,fastq_ftp,fastq_md5,fastq_bytes	https://www.ebi.ac.uk/ena/portal/api/filereport?accession=ERS1421344&result=read_run&fields=run_accession,submitted_ftp,submitted_md5,submitted_bytes,submitted_format	2014	Skin	Skin	Swab	Brazil	10°S 55°W	10°S 55°W	Forehead	Health	human-associated	metagenome	Dandruff	Illumina Miseq Sequencing	ERC000014	204650	28099261	2016-12-23	2016-10-23
Universidade Federal do ABC	ERS1421345	SAMEA4522166	LH10-S1-ITS_S43_L001_R1_001.fastq.gz	Human skin samples	646099	human metagenome	human metagenome	LH10-S1-ITS_S43_L001_R1_001	ERP018577	ERX1771536	ERR1701248	ERA740395	https://www.ebi.ac.uk/ena/portal/api/filereport?accession=ERS1421345&result=read_run&fields=run_accession,fastq_ftp,fastq_md5,fastq_bytes	https://www.ebi.ac.uk/ena/portal/api/filereport?accession=ERS1421345&result=read_run&fields=run_accession,submitted_ftp,submitted_md5,submitted_bytes,submitted_format	2014	Skin	Skin	Swab	Brazil	10°S 55°W	10°S 55°W	Scalp	Health	human-associated	metagenome	Dandruff	Illumina Miseq Sequencing	ERC000014	212391	29977434	2016-12-23	2016-10-23
Universidade Federal do ABC	ERS1421346	SAMEA4522167	LH10-T1-ITS_S44_L001_R1_001.fastq.gz	Human skin samples	646099	human metagenome	human metagenome	LH10-T1-ITS_S44_L001_R1_001	ERP018577	ERX1771537	ERR1701249	ERA740395	https://www.ebi.ac.uk/ena/portal/api/filereport?accession=ERS1421346&result=read_run&fields=run_accession,fastq_ftp,fastq_md5,fastq_bytes	https://www.ebi.ac.uk/ena/portal/api/filereport?accession=ERS1421346&result=read_run&fields=run_accession,submitted_ftp,submitted_md5,submitted_bytes,submitted_format	2014	Skin	Skin	Swab	Brazil	10°S 55°W	10°S 55°W	Forehead	Health	human-associated	metagenome	Dandruff	Illumina Miseq Sequencing	ERC000014	178956	25510084	2016-12-23	2016-10-23
Universidade Federal do ABC	ERS1421347	SAMEA4522168	LH04-S1-ITS_S45_L001_R1_001.fastq.gz	Human skin samples	646099	human metagenome	human metagenome	LH04-S1-ITS_S45_L001_R1_001	ERP018577	ERX1771538	ERR1701250	ERA740395	https://www.ebi.ac.uk/ena/portal/api/filereport?accession=ERS1421347&result=read_run&fields=run_accession,fastq_ftp,fastq_md5,fastq_bytes	https://www.ebi.ac.uk/ena/portal/api/filereport?accession=ERS1421347&result=read_run&fields=run_accession,submitted_ftp,submitted_md5,submitted_bytes,submitted_format	2014	Skin	Skin	Swab	Brazil	10°S 55°W	10°S 55°W	Scalp	Health	human-associated	metagenome	Dandruff	Illumina Miseq Sequencing	ERC000014	278980	35166053	2016-12-23	2016-10-23
Universidade Federal do ABC	ERS1421348	SAMEA4522169	LH04-T1-ITS_S46_L001_R1_001.fastq.gz	Human skin samples	646099	human metagenome	human metagenome	LH04-T1-ITS_S46_L001_R1_001	ERP018577	ERX1771539	ERR1701251	ERA740395	https://www.ebi.ac.uk/ena/portal/api/filereport?accession=ERS1421348&result=read_run&fields=run_accession,fastq_ftp,fastq_md5,fastq_bytes	https://www.ebi.ac.uk/ena/portal/api/filereport?accession=ERS1421348&result=read_run&fields=run_accession,submitted_ftp,submitted_md5,submitted_bytes,submitted_format	2014	Skin	Skin	Swab	Brazil	10°S 55°W	10°S 55°W	Forehead	Health	human-associated	metagenome	Dandruff	Illumina Miseq Sequencing	ERC000014	204129	29198152	2016-12-23	2016-10-23
Universidade Federal do ABC	ERS1421349	SAMEA4522170	LH13-S1-ITS_S47_L001_R1_001.fastq.gz	Human skin samples	646099	human metagenome	human metagenome	LH13-S1-ITS_S47_L001_R1_001	ERP018577	ERX1771540	ERR1701252	ERA740395	https://www.ebi.ac.uk/ena/portal/api/filereport?accession=ERS1421349&result=read_run&fields=run_accession,fastq_ftp,fastq_md5,fastq_bytes	https://www.ebi.ac.uk/ena/portal/api/filereport?accession=ERS1421349&result=read_run&fields=run_accession,submitted_ftp,submitted_md5,submitted_bytes,submitted_format	2014	Skin	Skin	Swab	Brazil	10°S 55°W	10°S 55°W	Scalp	Health	human-associated	metagenome	Dandruff	Illumina Miseq Sequencing	ERC000014	326660	30853607	2016-12-23	2016-10-23
Universidade Federal do ABC	ERS1421350	SAMEA4522171	LH13-T1-ITS_S48_L001_R1_001.fastq.gz	Human skin samples	646099	human metagenome	human metagenome	LH13-T1-ITS_S48_L001_R1_001	ERP018577	ERX1771541	ERR1701253	ERA740395	https://www.ebi.ac.uk/ena/portal/api/filereport?accession=ERS1421350&result=read_run&fields=run_accession,fastq_ftp,fastq_md5,fastq_bytes	https://www.ebi.ac.uk/ena/portal/api/filereport?accession=ERS1421350&result=read_run&fields=run_accession,submitted_ftp,submitted_md5,submitted_bytes,submitted_format	2014	Skin	Skin	Swab	Brazil	10°S 55°W	10°S 55°W	Forehead	Health	human-associated	metagenome	Dandruff	Illumina Miseq Sequencing	ERC000014	200775	25837596	2016-12-23	2016-10-23
Universidade Federal do ABC	ERS1421351	SAMEA4522172	LP02-S1-16S_S49_L001_R1_001.fastq.gz	Human skin samples	646099	human metagenome	human metagenome	LP02-S1-16S_S49_L001_R1_001	ERP018577	ERX1771542	ERR1701254	ERA740395	https://www.ebi.ac.uk/ena/portal/api/filereport?accession=ERS1421351&result=read_run&fields=run_accession,fastq_ftp,fastq_md5,fastq_bytes	https://www.ebi.ac.uk/ena/portal/api/filereport?accession=ERS1421351&result=read_run&fields=run_accession,submitted_ftp,submitted_md5,submitted_bytes,submitted_format	2014	Skin	Skin	Swab	Brazil	10°S 55°W	10°S 55°W	Scalp	Dandruff	human-associated	metagenome	Dandruff	Illumina Miseq Sequencing	ERC000014	282022	42073720	2016-12-23	2016-10-23
Universidade Federal do ABC	ERS1421352	SAMEA4522173	LP02-T1-16S_S50_L001_R1_001.fastq.gz	Human skin samples	646099	human metagenome	human metagenome	LP02-T1-16S_S50_L001_R1_001	ERP018577	ERX1771543	ERR1701255	ERA740395	https://www.ebi.ac.uk/ena/portal/api/filereport?accession=ERS1421352&result=read_run&fields=run_accession,fastq_ftp,fastq_md5,fastq_bytes	https://www.ebi.ac.uk/ena/portal/api/filereport?accession=ERS1421352&result=read_run&fields=run_accession,submitted_ftp,submitted_md5,submitted_bytes,submitted_format	2014	Skin	Skin	Swab	Brazil	10°S 55°W	10°S 55°W	Forehead	Dandruff	human-associated	metagenome	Dandruff	Illumina Miseq Sequencing	ERC000014	180803	26963130	2016-12-23	2016-10-23
Universidade Federal do ABC	ERS1421353	SAMEA4522174	LP03-S1-16S_S51_L001_R1_001.fastq.gz	Human skin samples	646099	human metagenome	human metagenome	LP03-S1-16S_S51_L001_R1_001	ERP018577	ERX1771544	ERR1701256	ERA740395	https://www.ebi.ac.uk/ena/portal/api/filereport?accession=ERS1421353&result=read_run&fields=run_accession,fastq_ftp,fastq_md5,fastq_bytes	https://www.ebi.ac.uk/ena/portal/api/filereport?accession=ERS1421353&result=read_run&fields=run_accession,submitted_ftp,submitted_md5,submitted_bytes,submitted_format	2014	Skin	Skin	Swab	Brazil	10°S 55°W	10°S 55°W	Scalp	Dandruff	human-associated	metagenome	Dandruff	Illumina Miseq Sequencing	ERC000014	229397	28939065	2016-12-23	2016-10-23
Universidade Federal do ABC	ERS1421354	SAMEA4522175	LP03-T1-16S_S52_L001_R1_001.fastq.gz	Human skin samples	646099	human metagenome	human metagenome	LP03-T1-16S_S52_L001_R1_001	ERP018577	ERX1771545	ERR1701257	ERA740395	https://www.ebi.ac.uk/ena/portal/api/filereport?accession=ERS1421354&result=read_run&fields=run_accession,fastq_ftp,fastq_md5,fastq_bytes	https://www.ebi.ac.uk/ena/portal/api/filereport?accession=ERS1421354&result=read_run&fields=run_accession,submitted_ftp,submitted_md5,submitted_bytes,submitted_format	2014	Skin	Skin	Swab	Brazil	10°S 55°W	10°S 55°W	Forehead	Dandruff	human-associated	metagenome	Dandruff	Illumina Miseq Sequencing	ERC000014	176303	33932340	2016-12-23	2016-10-23
Universidade Federal do ABC	ERS1421355	SAMEA4522176	LP04-S1-16S_S53_L001_R1_001.fastq.gz	Human skin samples	646099	human metagenome	human metagenome	LP04-S1-16S_S53_L001_R1_001	ERP018577	ERX1771546	ERR1701258	ERA740395	https://www.ebi.ac.uk/ena/portal/api/filereport?accession=ERS1421355&result=read_run&fields=run_accession,fastq_ftp,fastq_md5,fastq_bytes	https://www.ebi.ac.uk/ena/portal/api/filereport?accession=ERS1421355&result=read_run&fields=run_accession,submitted_ftp,submitted_md5,submitted_bytes,submitted_format	2014	Skin	Skin	Swab	Brazil	10°S 55°W	10°S 55°W	Scalp	Dandruff	human-associated	metagenome	Dandruff	Illumina Miseq Sequencing	ERC000014	283490	35431379	2016-12-23	2016-10-23
Universidade Federal do ABC	ERS1421356	SAMEA4522177	LP04-T1-16S_S54_L001_R1_001.fastq.gz	Human skin samples	646099	human metagenome	human metagenome	LP04-T1-16S_S54_L001_R1_001	ERP018577	ERX1771547	ERR1701259	ERA740395	https://www.ebi.ac.uk/ena/portal/api/filereport?accession=ERS1421356&result=read_run&fields=run_accession,fastq_ftp,fastq_md5,fastq_bytes	https://www.ebi.ac.uk/ena/portal/api/filereport?accession=ERS1421356&result=read_run&fields=run_accession,submitted_ftp,submitted_md5,submitted_bytes,submitted_format	2014	Skin	Skin	Swab	Brazil	10°S 55°W	10°S 55°W	Forehead	Dandruff	human-associated	metagenome	Dandruff	Illumina Miseq Sequencing	ERC000014	168124	25299085	2016-12-23	2016-10-23
Universidade Federal do ABC	ERS1421357	SAMEA4522178	LP05-S1-16S_S55_L001_R1_001.fastq.gz	Human skin samples	646099	human metagenome	human metagenome	LP05-S1-16S_S55_L001_R1_001	ERP018577	ERX1771548	ERR1701260	ERA740395	https://www.ebi.ac.uk/ena/portal/api/filereport?accession=ERS1421357&result=read_run&fields=run_accession,fastq_ftp,fastq_md5,fastq_bytes	https://www.ebi.ac.uk/ena/portal/api/filereport?accession=ERS1421357&result=read_run&fields=run_accession,submitted_ftp,submitted_md5,submitted_bytes,submitted_format	2014	Skin	Skin	Swab	Brazil	10°S 55°W	10°S 55°W	Scalp	Dandruff	human-associated	metagenome	Dandruff	Illumina Miseq Sequencing	ERC000014	283376	36722023	2016-12-23	2016-10-23
Universidade Federal do ABC	ERS1421358	SAMEA4522179	LP05-T1-16S_S56_L001_R1_001.fastq.gz	Human skin samples	646099	human metagenome	human metagenome	LP05-T1-16S_S56_L001_R1_001	ERP018577	ERX1771549	ERR1701261	ERA740395	https://www.ebi.ac.uk/ena/portal/api/filereport?accession=ERS1421358&result=read_run&fields=run_accession,fastq_ftp,fastq_md5,fastq_bytes	https://www.ebi.ac.uk/ena/portal/api/filereport?accession=ERS1421358&result=read_run&fields=run_accession,submitted_ftp,submitted_md5,submitted_bytes,submitted_format	2014	Skin	Skin	Swab	Brazil	10°S 55°W	10°S 55°W	Forehead	Dandruff	human-associated	metagenome	Dandruff	Illumina Miseq Sequencing	ERC000014	240612	35066811	2016-12-23	2016-10-23
Universidade Federal do ABC	ERS1421359	SAMEA4522180	LP07-S1-16S_S57_L001_R1_001.fastq.gz	Human skin samples	646099	human metagenome	human metagenome	LP07-S1-16S_S57_L001_R1_001	ERP018577	ERX1771550	ERR1701262	ERA740395	https://www.ebi.ac.uk/ena/portal/api/filereport?accession=ERS1421359&result=read_run&fields=run_accession,fastq_ftp,fastq_md5,fastq_bytes	https://www.ebi.ac.uk/ena/portal/api/filereport?accession=ERS1421359&result=read_run&fields=run_accession,submitted_ftp,submitted_md5,submitted_bytes,submitted_format	2014	Skin	Skin	Swab	Brazil	10°S 55°W	10°S 55°W	Scalp	Dandruff	human-associated	metagenome	Dandruff	Illumina Miseq Sequencing	ERC000014	494181	70325957	2016-12-23	2016-10-23
Universidade Federal do ABC	ERS1421360	SAMEA4522181	LP07-T1-16S_S58_L001_R1_001.fastq.gz	Human skin samples	646099	human metagenome	human metagenome	LP07-T1-16S_S58_L001_R1_001	ERP018577	ERX1771551	ERR1701263	ERA740395	https://www.ebi.ac.uk/ena/portal/api/filereport?accession=ERS1421360&result=read_run&fields=run_accession,fastq_ftp,fastq_md5,fastq_bytes	https://www.ebi.ac.uk/ena/portal/api/filereport?accession=ERS1421360&result=read_run&fields=run_accession,submitted_ftp,submitted_md5,submitted_bytes,submitted_format	2014	Skin	Skin	Swab	Brazil	10°S 55°W	10°S 55°W	Forehead	Dandruff	human-associated	metagenome	Dandruff	Illumina Miseq Sequencing	ERC000014	263065	42379676	2016-12-23	2016-10-23
Universidade Federal do ABC	ERS1421361	SAMEA4522182	LP08-S1-16S_S59_L001_R1_001.fastq.gz	Human skin samples	646099	human metagenome	human metagenome	LP08-S1-16S_S59_L001_R1_001	ERP018577	ERX1771552	ERR1701264	ERA740395	https://www.ebi.ac.uk/ena/portal/api/filereport?accession=ERS1421361&result=read_run&fields=run_accession,fastq_ftp,fastq_md5,fastq_bytes	https://www.ebi.ac.uk/ena/portal/api/filereport?accession=ERS1421361&result=read_run&fields=run_accession,submitted_ftp,submitted_md5,submitted_bytes,submitted_format	2014	Skin	Skin	Swab	Brazil	10°S 55°W	10°S 55°W	Scalp	Dandruff	human-associated	metagenome	Dandruff	Illumina Miseq Sequencing	ERC000014	306471	40747571	2016-12-23	2016-10-23
Universidade Federal do ABC	ERS1421362	SAMEA4522183	LP08-T1-16S_S60_L001_R1_001.fastq.gz	Human skin samples	646099	human metagenome	human metagenome	LP08-T1-16S_S60_L001_R1_001	ERP018577	ERX1771553	ERR1701265	ERA740395	https://www.ebi.ac.uk/ena/portal/api/filereport?accession=ERS1421362&result=read_run&fields=run_accession,fastq_ftp,fastq_md5,fastq_bytes	https://www.ebi.ac.uk/ena/portal/api/filereport?accession=ERS1421362&result=read_run&fields=run_accession,submitted_ftp,submitted_md5,submitted_bytes,submitted_format	2014	Skin	Skin	Swab	Brazil	10°S 55°W	10°S 55°W	Forehead	Dandruff	human-associated	metagenome	Dandruff	Illumina Miseq Sequencing	ERC000014	158925	26480330	2016-12-23	2016-10-23
Universidade Federal do ABC	ERS1421363	SAMEA4522184	LP10-S1-16S_S61_L001_R1_001.fastq.gz	Human skin samples	646099	human metagenome	human metagenome	LP10-S1-16S_S61_L001_R1_001	ERP018577	ERX1771554	ERR1701266	ERA740395	https://www.ebi.ac.uk/ena/portal/api/filereport?accession=ERS1421363&result=read_run&fields=run_accession,fastq_ftp,fastq_md5,fastq_bytes	https://www.ebi.ac.uk/ena/portal/api/filereport?accession=ERS1421363&result=read_run&fields=run_accession,submitted_ftp,submitted_md5,submitted_bytes,submitted_format	2014	Skin	Skin	Swab	Brazil	10°S 55°W	10°S 55°W	Scalp	Dandruff	human-associated	metagenome	Dandruff	Illumina Miseq Sequencing	ERC000014	353775	38145042	2016-12-23	2016-10-23
Universidade Federal do ABC	ERS1421364	SAMEA4522185	LP10-T1-16S_S62_L001_R1_001.fastq.gz	Human skin samples	646099	human metagenome	human metagenome	LP10-T1-16S_S62_L001_R1_001	ERP018577	ERX1771555	ERR1701267	ERA740395	https://www.ebi.ac.uk/ena/portal/api/filereport?accession=ERS1421364&result=read_run&fields=run_accession,fastq_ftp,fastq_md5,fastq_bytes	https://www.ebi.ac.uk/ena/portal/api/filereport?accession=ERS1421364&result=read_run&fields=run_accession,submitted_ftp,submitted_md5,submitted_bytes,submitted_format	2014	Skin	Skin	Swab	Brazil	10°S 55°W	10°S 55°W	Forehead	Dandruff	human-associated	metagenome	Dandruff	Illumina Miseq Sequencing	ERC000014	427847	60304730	2016-12-23	2016-10-23
Universidade Federal do ABC	ERS1421365	SAMEA4522186	LP12-S1-16S_S63_L001_R1_001.fastq.gz	Human skin samples	646099	human metagenome	human metagenome	LP12-S1-16S_S63_L001_R1_001	ERP018577	ERX1771556	ERR1701268	ERA740395	https://www.ebi.ac.uk/ena/portal/api/filereport?accession=ERS1421365&result=read_run&fields=run_accession,fastq_ftp,fastq_md5,fastq_bytes	https://www.ebi.ac.uk/ena/portal/api/filereport?accession=ERS1421365&result=read_run&fields=run_accession,submitted_ftp,submitted_md5,submitted_bytes,submitted_format	2014	Skin	Skin	Swab	Brazil	10°S 55°W	10°S 55°W	Scalp	Dandruff	human-associated	metagenome	Dandruff	Illumina Miseq Sequencing	ERC000014	243547	28409964	2016-12-23	2016-10-23
Universidade Federal do ABC	ERS1421366	SAMEA4522187	LP12-T1-16S_S64_L001_R1_001.fastq.gz	Human skin samples	646099	human metagenome	human metagenome	LP12-T1-16S_S64_L001_R1_001	ERP018577	ERX1771557	ERR1701269	ERA740395	https://www.ebi.ac.uk/ena/portal/api/filereport?accession=ERS1421366&result=read_run&fields=run_accession,fastq_ftp,fastq_md5,fastq_bytes	https://www.ebi.ac.uk/ena/portal/api/filereport?accession=ERS1421366&result=read_run&fields=run_accession,submitted_ftp,submitted_md5,submitted_bytes,submitted_format	2014	Skin	Skin	Swab	Brazil	10°S 55°W	10°S 55°W	Forehead	Dandruff	human-associated	metagenome	Dandruff	Illumina Miseq Sequencing	ERC000014	240206	32563003	2016-12-23	2016-10-23
Universidade Federal do ABC	ERS1421367	SAMEA4522188	LP14-S1-16S_S65_L001_R1_001.fastq.gz	Human skin samples	646099	human metagenome	human metagenome	LP14-S1-16S_S65_L001_R1_001	ERP018577	ERX1771558	ERR1701270	ERA740395	https://www.ebi.ac.uk/ena/portal/api/filereport?accession=ERS1421367&result=read_run&fields=run_accession,fastq_ftp,fastq_md5,fastq_bytes	https://www.ebi.ac.uk/ena/portal/api/filereport?accession=ERS1421367&result=read_run&fields=run_accession,submitted_ftp,submitted_md5,submitted_bytes,submitted_format	2014	Skin	Skin	Swab	Brazil	10°S 55°W	10°S 55°W	Scalp	Dandruff	human-associated	metagenome	Dandruff	Illumina Miseq Sequencing	ERC000014	249235	34703227	2016-12-23	2016-10-23
Universidade Federal do ABC	ERS1421368	SAMEA4522189	LP14-T1-16S_S66_L001_R1_001.fastq.gz	Human skin samples	646099	human metagenome	human metagenome	LP14-T1-16S_S66_L001_R1_001	ERP018577	ERX1771559	ERR1701271	ERA740395	https://www.ebi.ac.uk/ena/portal/api/filereport?accession=ERS1421368&result=read_run&fields=run_accession,fastq_ftp,fastq_md5,fastq_bytes	https://www.ebi.ac.uk/ena/portal/api/filereport?accession=ERS1421368&result=read_run&fields=run_accession,submitted_ftp,submitted_md5,submitted_bytes,submitted_format	2014	Skin	Skin	Swab	Brazil	10°S 55°W	10°S 55°W	Forehead	Dandruff	human-associated	metagenome	Dandruff	Illumina Miseq Sequencing	ERC000014	291623	58414039	2016-12-23	2016-10-23
Universidade Federal do ABC	ERS1421369	SAMEA4522190	LP15-S1-16S_S67_L001_R1_001.fastq.gz	Human skin samples	646099	human metagenome	human metagenome	LP15-S1-16S_S67_L001_R1_001	ERP018577	ERX1771560	ERR1701272	ERA740395	https://www.ebi.ac.uk/ena/portal/api/filereport?accession=ERS1421369&result=read_run&fields=run_accession,fastq_ftp,fastq_md5,fastq_bytes	https://www.ebi.ac.uk/ena/portal/api/filereport?accession=ERS1421369&result=read_run&fields=run_accession,submitted_ftp,submitted_md5,submitted_bytes,submitted_format	2014	Skin	Skin	Swab	Brazil	10°S 55°W	10°S 55°W	Scalp	Dandruff	human-associated	metagenome	Dandruff	Illumina Miseq Sequencing	ERC000014	290444	44590518	2016-12-23	2016-10-23
Universidade Federal do ABC	ERS1421370	SAMEA4522191	LP15-T1-16S_S68_L001_R1_001.fastq.gz	Human skin samples	646099	human metagenome	human metagenome	LP15-T1-16S_S68_L001_R1_001	ERP018577	ERX1771561	ERR1701273	ERA740395	https://www.ebi.ac.uk/ena/portal/api/filereport?accession=ERS1421370&result=read_run&fields=run_accession,fastq_ftp,fastq_md5,fastq_bytes	https://www.ebi.ac.uk/ena/portal/api/filereport?accession=ERS1421370&result=read_run&fields=run_accession,submitted_ftp,submitted_md5,submitted_bytes,submitted_format	2014	Skin	Skin	Swab	Brazil	10°S 55°W	10°S 55°W	Forehead	Dandruff	human-associated	metagenome	Dandruff	Illumina Miseq Sequencing	ERC000014	170596	25889310	2016-12-23	2016-10-23
Universidade Federal do ABC	ERS1421371	SAMEA4522192	LP16-S1-16S_S69_L001_R1_001.fastq.gz	Human skin samples	646099	human metagenome	human metagenome	LP16-S1-16S_S69_L001_R1_001	ERP018577	ERX1771562	ERR1701274	ERA740395	https://www.ebi.ac.uk/ena/portal/api/filereport?accession=ERS1421371&result=read_run&fields=run_accession,fastq_ftp,fastq_md5,fastq_bytes	https://www.ebi.ac.uk/ena/portal/api/filereport?accession=ERS1421371&result=read_run&fields=run_accession,submitted_ftp,submitted_md5,submitted_bytes,submitted_format	2014	Skin	Skin	Swab	Brazil	10°S 55°W	10°S 55°W	Scalp	Dandruff	human-associated	metagenome	Dandruff	Illumina Miseq Sequencing	ERC000014	275589	47711220	2016-12-23	2016-10-23
Universidade Federal do ABC	ERS1421372	SAMEA4522193	LP16-T1-16S_S70_L001_R1_001.fastq.gz	Human skin samples	646099	human metagenome	human metagenome	LP16-T1-16S_S70_L001_R1_001	ERP018577	ERX1771563	ERR1701275	ERA740395	https://www.ebi.ac.uk/ena/portal/api/filereport?accession=ERS1421372&result=read_run&fields=run_accession,fastq_ftp,fastq_md5,fastq_bytes	https://www.ebi.ac.uk/ena/portal/api/filereport?accession=ERS1421372&result=read_run&fields=run_accession,submitted_ftp,submitted_md5,submitted_bytes,submitted_format	2014	Skin	Skin	Swab	Brazil	10°S 55°W	10°S 55°W	Forehead	Dandruff	human-associated	metagenome	Dandruff	Illumina Miseq Sequencing	ERC000014	110985	18333713	2016-12-23	2016-10-23
Universidade Federal do ABC	ERS1421373	SAMEA4522194	LP19-S1-16S_S71_L001_R1_001.fastq.gz	Human skin samples	646099	human metagenome	human metagenome	LP19-S1-16S_S71_L001_R1_001	ERP018577	ERX1771564	ERR1701276	ERA740395	https://www.ebi.ac.uk/ena/portal/api/filereport?accession=ERS1421373&result=read_run&fields=run_accession,fastq_ftp,fastq_md5,fastq_bytes	https://www.ebi.ac.uk/ena/portal/api/filereport?accession=ERS1421373&result=read_run&fields=run_accession,submitted_ftp,submitted_md5,submitted_bytes,submitted_format	2014	Skin	Skin	Swab	Brazil	10°S 55°W	10°S 55°W	Scalp	Dandruff	human-associated	metagenome	Dandruff	Illumina Miseq Sequencing	ERC000014	181045	25703922	2016-12-23	2016-10-23
Universidade Federal do ABC	ERS1421374	SAMEA4522195	LP19-T1-16S_S72_L001_R1_001.fastq.gz	Human skin samples	646099	human metagenome	human metagenome	LP19-T1-16S_S72_L001_R1_001	ERP018577	ERX1771565	ERR1701277	ERA740395	https://www.ebi.ac.uk/ena/portal/api/filereport?accession=ERS1421374&result=read_run&fields=run_accession,fastq_ftp,fastq_md5,fastq_bytes	https://www.ebi.ac.uk/ena/portal/api/filereport?accession=ERS1421374&result=read_run&fields=run_accession,submitted_ftp,submitted_md5,submitted_bytes,submitted_format	2014	Skin	Skin	Swab	Brazil	10°S 55°W	10°S 55°W	Forehead	Dandruff	human-associated	metagenome	Dandruff	Illumina Miseq Sequencing	ERC000014	129513	25387611	2016-12-23	2016-10-23
Universidade Federal do ABC	ERS1421375	SAMEA4522196	LP20-S1-16S_S73_L001_R1_001.fastq.gz	Human skin samples	646099	human metagenome	human metagenome	LP20-S1-16S_S73_L001_R1_001	ERP018577	ERX1771566	ERR1701278	ERA740395	https://www.ebi.ac.uk/ena/portal/api/filereport?accession=ERS1421375&result=read_run&fields=run_accession,fastq_ftp,fastq_md5,fastq_bytes	https://www.ebi.ac.uk/ena/portal/api/filereport?accession=ERS1421375&result=read_run&fields=run_accession,submitted_ftp,submitted_md5,submitted_bytes,submitted_format	2014	Skin	Skin	Swab	Brazil	10°S 55°W	10°S 55°W	Scalp	Dandruff	human-associated	metagenome	Dandruff	Illumina Miseq Sequencing	ERC000014	282010	32972909	2016-12-23	2016-10-23
Universidade Federal do ABC	ERS1421376	SAMEA4522197	LP20-T1-16S_S74_L001_R1_001.fastq.gz	Human skin samples	646099	human metagenome	human metagenome	LP20-T1-16S_S74_L001_R1_001	ERP018577	ERX1771567	ERR1701279	ERA740395	https://www.ebi.ac.uk/ena/portal/api/filereport?accession=ERS1421376&result=read_run&fields=run_accession,fastq_ftp,fastq_md5,fastq_bytes	https://www.ebi.ac.uk/ena/portal/api/filereport?accession=ERS1421376&result=read_run&fields=run_accession,submitted_ftp,submitted_md5,submitted_bytes,submitted_format	2014	Skin	Skin	Swab	Brazil	10°S 55°W	10°S 55°W	Forehead	Dandruff	human-associated	metagenome	Dandruff	Illumina Miseq Sequencing	ERC000014	198253	31399480	2016-12-23	2016-10-23
Universidade Federal do ABC	ERS1421377	SAMEA4522198	LH01-S1-16S_S75_L001_R1_001.fastq.gz	Human skin samples	646099	human metagenome	human metagenome	LH01-S1-16S_S75_L001_R1_001	ERP018577	ERX1771568	ERR1701280	ERA740395	https://www.ebi.ac.uk/ena/portal/api/filereport?accession=ERS1421377&result=read_run&fields=run_accession,fastq_ftp,fastq_md5,fastq_bytes	https://www.ebi.ac.uk/ena/portal/api/filereport?accession=ERS1421377&result=read_run&fields=run_accession,submitted_ftp,submitted_md5,submitted_bytes,submitted_format	2014	Skin	Skin	Swab	Brazil	10°S 55°W	10°S 55°W	Scalp	Health	human-associated	metagenome	Dandruff	Illumina Miseq Sequencing	ERC000014	328966	43339406	2016-12-23	2016-10-23
Universidade Federal do ABC	ERS1421378	SAMEA4522199	LH01-T1-16S_S76_L001_R1_001.fastq.gz	Human skin samples	646099	human metagenome	human metagenome	LH01-T1-16S_S76_L001_R1_001	ERP018577	ERX1771569	ERR1701281	ERA740395	https://www.ebi.ac.uk/ena/portal/api/filereport?accession=ERS1421378&result=read_run&fields=run_accession,fastq_ftp,fastq_md5,fastq_bytes	https://www.ebi.ac.uk/ena/portal/api/filereport?accession=ERS1421378&result=read_run&fields=run_accession,submitted_ftp,submitted_md5,submitted_bytes,submitted_format	2014	Skin	Skin	Swab	Brazil	10°S 55°W	10°S 55°W	Forehead	Health	human-associated	metagenome	Dandruff	Illumina Miseq Sequencing	ERC000014	79672	15037824	2016-12-23	2016-10-23
Universidade Federal do ABC	ERS1421379	SAMEA4522200	LH02-S1-16S_S77_L001_R1_001.fastq.gz	Human skin samples	646099	human metagenome	human metagenome	LH02-S1-16S_S77_L001_R1_001	ERP018577	ERX1771570	ERR1701282	ERA740395	https://www.ebi.ac.uk/ena/portal/api/filereport?accession=ERS1421379&result=read_run&fields=run_accession,fastq_ftp,fastq_md5,fastq_bytes	https://www.ebi.ac.uk/ena/portal/api/filereport?accession=ERS1421379&result=read_run&fields=run_accession,submitted_ftp,submitted_md5,submitted_bytes,submitted_format	2014	Skin	Skin	Swab	Brazil	10°S 55°W	10°S 55°W	Scalp	Health	human-associated	metagenome	Dandruff	Illumina Miseq Sequencing	ERC000014	120235	22000629	2016-12-23	2016-10-23
Universidade Federal do ABC	ERS1421380	SAMEA4522201	LH02-T1-16S_S78_L001_R1_001.fastq.gz	Human skin samples	646099	human metagenome	human metagenome	LH02-T1-16S_S78_L001_R1_001	ERP018577	ERX1771571	ERR1701283	ERA740395	https://www.ebi.ac.uk/ena/portal/api/filereport?accession=ERS1421380&result=read_run&fields=run_accession,fastq_ftp,fastq_md5,fastq_bytes	https://www.ebi.ac.uk/ena/portal/api/filereport?accession=ERS1421380&result=read_run&fields=run_accession,submitted_ftp,submitted_md5,submitted_bytes,submitted_format	2014	Skin	Skin	Swab	Brazil	10°S 55°W	10°S 55°W	Forehead	Health	human-associated	metagenome	Dandruff	Illumina Miseq Sequencing	ERC000014	179054	37455902	2016-12-23	2016-10-23
Universidade Federal do ABC	ERS1421381	SAMEA4522202	LH03-S1-16S_S79_L001_R1_001.fastq.gz	Human skin samples	646099	human metagenome	human metagenome	LH03-S1-16S_S79_L001_R1_001	ERP018577	ERX1771572	ERR1701284	ERA740395	https://www.ebi.ac.uk/ena/portal/api/filereport?accession=ERS1421381&result=read_run&fields=run_accession,fastq_ftp,fastq_md5,fastq_bytes	https://www.ebi.ac.uk/ena/portal/api/filereport?accession=ERS1421381&result=read_run&fields=run_accession,submitted_ftp,submitted_md5,submitted_bytes,submitted_format	2014	Skin	Skin	Swab	Brazil	10°S 55°W	10°S 55°W	Scalp	Health	human-associated	metagenome	Dandruff	Illumina Miseq Sequencing	ERC000014	196349	31060789	2016-12-23	2016-10-23
Universidade Federal do ABC	ERS1421382	SAMEA4522203	LH03-T1-16S_S80_L001_R1_001.fastq.gz	Human skin samples	646099	human metagenome	human metagenome	LH03-T1-16S_S80_L001_R1_001	ERP018577	ERX1771573	ERR1701285	ERA740395	https://www.ebi.ac.uk/ena/portal/api/filereport?accession=ERS1421382&result=read_run&fields=run_accession,fastq_ftp,fastq_md5,fastq_bytes	https://www.ebi.ac.uk/ena/portal/api/filereport?accession=ERS1421382&result=read_run&fields=run_accession,submitted_ftp,submitted_md5,submitted_bytes,submitted_format	2014	Skin	Skin	Swab	Brazil	10°S 55°W	10°S 55°W	Forehead	Health	human-associated	metagenome	Dandruff	Illumina Miseq Sequencing	ERC000014	115744	24509369	2016-12-23	2016-10-23
Universidade Federal do ABC	ERS1421383	SAMEA4522204	LH04-S1-16S_S81_L001_R1_001.fastq.gz	Human skin samples	646099	human metagenome	human metagenome	LH04-S1-16S_S81_L001_R1_001	ERP018577	ERX1771574	ERR1701286	ERA740395	https://www.ebi.ac.uk/ena/portal/api/filereport?accession=ERS1421383&result=read_run&fields=run_accession,fastq_ftp,fastq_md5,fastq_bytes	https://www.ebi.ac.uk/ena/portal/api/filereport?accession=ERS1421383&result=read_run&fields=run_accession,submitted_ftp,submitted_md5,submitted_bytes,submitted_format	2014	Skin	Skin	Swab	Brazil	10°S 55°W	10°S 55°W	Scalp	Health	human-associated	metagenome	Dandruff	Illumina Miseq Sequencing	ERC000014	234348	26525373	2016-12-23	2016-10-23
Universidade Federal do ABC	ERS1421384	SAMEA4522205	LH04-T1-16S_S82_L001_R1_001.fastq.gz	Human skin samples	646099	human metagenome	human metagenome	LH04-T1-16S_S82_L001_R1_001	ERP018577	ERX1771575	ERR1701287	ERA740395	https://www.ebi.ac.uk/ena/portal/api/filereport?accession=ERS1421384&result=read_run&fields=run_accession,fastq_ftp,fastq_md5,fastq_bytes	https://www.ebi.ac.uk/ena/portal/api/filereport?accession=ERS1421384&result=read_run&fields=run_accession,submitted_ftp,submitted_md5,submitted_bytes,submitted_format	2014	Skin	Skin	Swab	Brazil	10°S 55°W	10°S 55°W	Forehead	Health	human-associated	metagenome	Dandruff	Illumina Miseq Sequencing	ERC000014	190170	27866482	2016-12-23	2016-10-23
Universidade Federal do ABC	ERS1421385	SAMEA4522206	LH05-S1-16S_S83_L001_R1_001.fastq.gz	Human skin samples	646099	human metagenome	human metagenome	LH05-S1-16S_S83_L001_R1_001	ERP018577	ERX1771576	ERR1701288	ERA740395	https://www.ebi.ac.uk/ena/portal/api/filereport?accession=ERS1421385&result=read_run&fields=run_accession,fastq_ftp,fastq_md5,fastq_bytes	https://www.ebi.ac.uk/ena/portal/api/filereport?accession=ERS1421385&result=read_run&fields=run_accession,submitted_ftp,submitted_md5,submitted_bytes,submitted_format	2014	Skin	Skin	Swab	Brazil	10°S 55°W	10°S 55°W	Scalp	Health	human-associated	metagenome	Dandruff	Illumina Miseq Sequencing	ERC000014	163196	21463448	2016-12-23	2016-10-23
Universidade Federal do ABC	ERS1421386	SAMEA4522207	LH05-T1-16S_S84_L001_R1_001.fastq.gz	Human skin samples	646099	human metagenome	human metagenome	LH05-T1-16S_S84_L001_R1_001	ERP018577	ERX1771577	ERR1701289	ERA740395	https://www.ebi.ac.uk/ena/portal/api/filereport?accession=ERS1421386&result=read_run&fields=run_accession,fastq_ftp,fastq_md5,fastq_bytes	https://www.ebi.ac.uk/ena/portal/api/filereport?accession=ERS1421386&result=read_run&fields=run_accession,submitted_ftp,submitted_md5,submitted_bytes,submitted_format	2014	Skin	Skin	Swab	Brazil	10°S 55°W	10°S 55°W	Forehead	Health	human-associated	metagenome	Dandruff	Illumina Miseq Sequencing	ERC000014	222699	46231465	2016-12-23	2016-10-23
Universidade Federal do ABC	ERS1421387	SAMEA4522208	LH06-S1-16S_S85_L001_R1_001.fastq.gz	Human skin samples	646099	human metagenome	human metagenome	LH06-S1-16S_S85_L001_R1_001	ERP018577	ERX1771578	ERR1701290	ERA740395	https://www.ebi.ac.uk/ena/portal/api/filereport?accession=ERS1421387&result=read_run&fields=run_accession,fastq_ftp,fastq_md5,fastq_bytes	https://www.ebi.ac.uk/ena/portal/api/filereport?accession=ERS1421387&result=read_run&fields=run_accession,submitted_ftp,submitted_md5,submitted_bytes,submitted_format	2014	Skin	Skin	Swab	Brazil	10°S 55°W	10°S 55°W	Scalp	Health	human-associated	metagenome	Dandruff	Illumina Miseq Sequencing	ERC000014	95984	14381693	2016-12-23	2016-10-23
Universidade Federal do ABC	ERS1421388	SAMEA4522209	LH06-T1-16S_S86_L001_R1_001.fastq.gz	Human skin samples	646099	human metagenome	human metagenome	LH06-T1-16S_S86_L001_R1_001	ERP018577	ERX1771579	ERR1701291	ERA740395	https://www.ebi.ac.uk/ena/portal/api/filereport?accession=ERS1421388&result=read_run&fields=run_accession,fastq_ftp,fastq_md5,fastq_bytes	https://www.ebi.ac.uk/ena/portal/api/filereport?accession=ERS1421388&result=read_run&fields=run_accession,submitted_ftp,submitted_md5,submitted_bytes,submitted_format	2014	Skin	Skin	Swab	Brazil	10°S 55°W	10°S 55°W	Forehead	Health	human-associated	metagenome	Dandruff	Illumina Miseq Sequencing	ERC000014	119324	18660808	2016-12-23	2016-10-23
Universidade Federal do ABC	ERS1421389	SAMEA4522210	LH08-S1-16S_S87_L001_R1_001.fastq.gz	Human skin samples	646099	human metagenome	human metagenome	LH08-S1-16S_S87_L001_R1_001	ERP018577	ERX1771580	ERR1701292	ERA740395	https://www.ebi.ac.uk/ena/portal/api/filereport?accession=ERS1421389&result=read_run&fields=run_accession,fastq_ftp,fastq_md5,fastq_bytes	https://www.ebi.ac.uk/ena/portal/api/filereport?accession=ERS1421389&result=read_run&fields=run_accession,submitted_ftp,submitted_md5,submitted_bytes,submitted_format	2014	Skin	Skin	Swab	Brazil	10°S 55°W	10°S 55°W	Scalp	Health	human-associated	metagenome	Dandruff	Illumina Miseq Sequencing	ERC000014	158085	27339357	2016-12-23	2016-10-23
Universidade Federal do ABC	ERS1421390	SAMEA4522211	LH08-T1-16S_S88_L001_R1_001.fastq.gz	Human skin samples	646099	human metagenome	human metagenome	LH08-T1-16S_S88_L001_R1_001	ERP018577	ERX1771581	ERR1701293	ERA740395	https://www.ebi.ac.uk/ena/portal/api/filereport?accession=ERS1421390&result=read_run&fields=run_accession,fastq_ftp,fastq_md5,fastq_bytes	https://www.ebi.ac.uk/ena/portal/api/filereport?accession=ERS1421390&result=read_run&fields=run_accession,submitted_ftp,submitted_md5,submitted_bytes,submitted_format	2014	Skin	Skin	Swab	Brazil	10°S 55°W	10°S 55°W	Forehead	Health	human-associated	metagenome	Dandruff	Illumina Miseq Sequencing	ERC000014	206856	33132065	2016-12-23	2016-10-23
Universidade Federal do ABC	ERS1421391	SAMEA4522212	LH09-S1-16S_S89_L001_R1_001.fastq.gz	Human skin samples	646099	human metagenome	human metagenome	LH09-S1-16S_S89_L001_R1_001	ERP018577	ERX1771582	ERR1701294	ERA740395	https://www.ebi.ac.uk/ena/portal/api/filereport?accession=ERS1421391&result=read_run&fields=run_accession,fastq_ftp,fastq_md5,fastq_bytes	https://www.ebi.ac.uk/ena/portal/api/filereport?accession=ERS1421391&result=read_run&fields=run_accession,submitted_ftp,submitted_md5,submitted_bytes,submitted_format	2014	Skin	Skin	Swab	Brazil	10°S 55°W	10°S 55°W	Scalp	Health	human-associated	metagenome	Dandruff	Illumina Miseq Sequencing	ERC000014	207802	29625797	2016-12-23	2016-10-23
Universidade Federal do ABC	ERS1421392	SAMEA4522213	LH09-T1-16S_S90_L001_R1_001.fastq.gz	Human skin samples	646099	human metagenome	human metagenome	LH09-T1-16S_S90_L001_R1_001	ERP018577	ERX1771583	ERR1701295	ERA740395	https://www.ebi.ac.uk/ena/portal/api/filereport?accession=ERS1421392&result=read_run&fields=run_accession,fastq_ftp,fastq_md5,fastq_bytes	https://www.ebi.ac.uk/ena/portal/api/filereport?accession=ERS1421392&result=read_run&fields=run_accession,submitted_ftp,submitted_md5,submitted_bytes,submitted_format	2014	Skin	Skin	Swab	Brazil	10°S 55°W	10°S 55°W	Forehead	Health	human-associated	metagenome	Dandruff	Illumina Miseq Sequencing	ERC000014	224835	35058545	2016-12-23	2016-10-23
Universidade Federal do ABC	ERS1421393	SAMEA4522214	LH10-S1-16S_S91_L001_R1_001.fastq.gz	Human skin samples	646099	human metagenome	human metagenome	LH10-S1-16S_S91_L001_R1_001	ERP018577	ERX1771584	ERR1701296	ERA740395	https://www.ebi.ac.uk/ena/portal/api/filereport?accession=ERS1421393&result=read_run&fields=run_accession,fastq_ftp,fastq_md5,fastq_bytes	https://www.ebi.ac.uk/ena/portal/api/filereport?accession=ERS1421393&result=read_run&fields=run_accession,submitted_ftp,submitted_md5,submitted_bytes,submitted_format	2014	Skin	Skin	Swab	Brazil	10°S 55°W	10°S 55°W	Scalp	Health	human-associated	metagenome	Dandruff	Illumina Miseq Sequencing	ERC000014	249050	30646912	2016-12-23	2016-10-23
Universidade Federal do ABC	ERS1421394	SAMEA4522215	LH10-T1-16S_S92_L001_R1_001.fastq.gz	Human skin samples	646099	human metagenome	human metagenome	LH10-T1-16S_S92_L001_R1_001	ERP018577	ERX1771585	ERR1701297	ERA740395	https://www.ebi.ac.uk/ena/portal/api/filereport?accession=ERS1421394&result=read_run&fields=run_accession,fastq_ftp,fastq_md5,fastq_bytes	https://www.ebi.ac.uk/ena/portal/api/filereport?accession=ERS1421394&result=read_run&fields=run_accession,submitted_ftp,submitted_md5,submitted_bytes,submitted_format	2014	Skin	Skin	Swab	Brazil	10°S 55°W	10°S 55°W	Forehead	Health	human-associated	metagenome	Dandruff	Illumina Miseq Sequencing	ERC000014	289747	34944686	2016-12-23	2016-10-23
Universidade Federal do ABC	ERS1421395	SAMEA4522216	LH12-S1-16S_S93_L001_R1_001.fastq.gz	Human skin samples	646099	human metagenome	human metagenome	LH12-S1-16S_S93_L001_R1_001	ERP018577	ERX1771586	ERR1701298	ERA740395	https://www.ebi.ac.uk/ena/portal/api/filereport?accession=ERS1421395&result=read_run&fields=run_accession,fastq_ftp,fastq_md5,fastq_bytes	https://www.ebi.ac.uk/ena/portal/api/filereport?accession=ERS1421395&result=read_run&fields=run_accession,submitted_ftp,submitted_md5,submitted_bytes,submitted_format	2014	Skin	Skin	Swab	Brazil	10°S 55°W	10°S 55°W	Scalp	Health	human-associated	metagenome	Dandruff	Illumina Miseq Sequencing	ERC000014	187999	33294074	2016-12-23	2016-10-23
Universidade Federal do ABC	ERS1421396	SAMEA4522217	LH12-T1-16S_S94_L001_R1_001.fastq.gz	Human skin samples	646099	human metagenome	human metagenome	LH12-T1-16S_S94_L001_R1_001	ERP018577	ERX1771587	ERR1701299	ERA740395	https://www.ebi.ac.uk/ena/portal/api/filereport?accession=ERS1421396&result=read_run&fields=run_accession,fastq_ftp,fastq_md5,fastq_bytes	https://www.ebi.ac.uk/ena/portal/api/filereport?accession=ERS1421396&result=read_run&fields=run_accession,submitted_ftp,submitted_md5,submitted_bytes,submitted_format	2014	Skin	Skin	Swab	Brazil	10°S 55°W	10°S 55°W	Forehead	Health	human-associated	metagenome	Dandruff	Illumina Miseq Sequencing	ERC000014	165974	27910332	2016-12-23	2016-10-23
Universidade Federal do ABC	ERS1421397	SAMEA4522218	LH13-S1-16S_S95_L001_R1_001.fastq.gz	Human skin samples	646099	human metagenome	human metagenome	LH13-S1-16S_S95_L001_R1_001	ERP018577	ERX1771588	ERR1701300	ERA740395	https://www.ebi.ac.uk/ena/portal/api/filereport?accession=ERS1421397&result=read_run&fields=run_accession,fastq_ftp,fastq_md5,fastq_bytes	https://www.ebi.ac.uk/ena/portal/api/filereport?accession=ERS1421397&result=read_run&fields=run_accession,submitted_ftp,submitted_md5,submitted_bytes,submitted_format	2014	Skin	Skin	Swab	Brazil	10°S 55°W	10°S 55°W	Scalp	Health	human-associated	metagenome	Dandruff	Illumina Miseq Sequencing	ERC000014	160616	22928932	2016-12-23	2016-10-23
Universidade Federal do ABC	ERS1421398	SAMEA4522219	LH13-T1-16S_S96_L001_R1_001.fastq.gz	Human skin samples	646099	human metagenome	human metagenome	LH13-T1-16S_S96_L001_R1_001	ERP018577	ERX1771589	ERR1701301	ERA740395	https://www.ebi.ac.uk/ena/portal/api/filereport?accession=ERS1421398&result=read_run&fields=run_accession,fastq_ftp,fastq_md5,fastq_bytes	https://www.ebi.ac.uk/ena/portal/api/filereport?accession=ERS1421398&result=read_run&fields=run_accession,submitted_ftp,submitted_md5,submitted_bytes,submitted_format	2014	Skin	Skin	Swab	Brazil	10°S 55°W	10°S 55°W	Forehead	Health	human-associated	metagenome	Dandruff	Illumina Miseq Sequencing	ERC000014	170253	23378629	2016-12-23	2016-10-23
