broker_name	center_name	PRIMARY_ID	EXTERNAL_ID	SUBMITTER_ID	TITLE	TAXON_ID	SCIENTIFIC_NAME	DESCRIPTION	ENA-STUDY	ENA-EXPERIMENT	ENA-RUN	ENA-SUBMISSION	ENA-FASTQ-FILES	ENA-SUBMITTED-FILES	ecotype	abs_air_humidity	air_temp	build_occup_type	building_setting	carb_dioxide	collection_date	env_broad_scale	env_local_scale	env_medium	filter_type	geo_loc_name	heat_cool_type	indoor_space	isol_growth_condt	lat_lon	light_type	occup_samp	occupant_dens_samp	organism_count	rel_air_humidity	space_typ_state	typ_occupant_dens	ventilation_type	sample_number	relative_mission_time	BioSampleModel	ENA-SPOT-COUNT	ENA-BASE-COUNT	ENA-FIRST-PUBLIC	ENA-LAST-UPDATE	isolation_source	relative_time
NCBI	pda|hlorenzi	SRS4142182	SAMN10510825	W.1	W.1	77133	uncultured bacterium	Water Sample A from ISS	SRP173401	SRX5129063	SRR8316346	SRA823063	https://www.ebi.ac.uk/ena/portal/api/filereport?accession=SRS4142182&result=read_run&fields=run_accession,fastq_ftp,fastq_md5,fastq_bytes	https://www.ebi.ac.uk/ena/portal/api/filereport?accession=SRS4142182&result=read_run&fields=run_accession,submitted_ftp,submitted_md5,submitted_bytes,submitted_format	ISS water tank	not collected	not collected	not applicable	not applicable	not applicable	not applicable	not applicable	not applicable	not applicable	not applicable	not applicable	not applicable	not applicable	not applicable	not applicable	electric light	not collected	not collected	not collected	not collected	typical occupied	not collected	not collected	589	1	MIGS/MIMS/MIMARKS.built	24444	12270888	2018-12-15	2018-12-15		
NCBI	pda|hlorenzi	SRS4142183	SAMN10510830	W.6	W.6	77133	uncultured bacterium	Water Sample F from ISS	SRP173401	SRX5129064	SRR8316345	SRA823063	https://www.ebi.ac.uk/ena/portal/api/filereport?accession=SRS4142183&result=read_run&fields=run_accession,fastq_ftp,fastq_md5,fastq_bytes	https://www.ebi.ac.uk/ena/portal/api/filereport?accession=SRS4142183&result=read_run&fields=run_accession,submitted_ftp,submitted_md5,submitted_bytes,submitted_format	ISS water tank	not collected	not collected	not applicable	not applicable	not applicable	not applicable	not applicable	not applicable	not applicable	not applicable	not applicable	not applicable	not applicable	not applicable	not applicable	electric light	not collected	not collected	not collected	not collected	typical occupied	not collected	not collected	594	6	MIGS/MIMS/MIMARKS.built	22403	11246306	2018-12-15	2018-12-15		
NCBI	pda|hlorenzi	SRS4142184	SAMN10510831	W.7	W.7	77133	uncultured bacterium	Water Sample G from ISS	SRP173401	SRX5129065	SRR8316344	SRA823063	https://www.ebi.ac.uk/ena/portal/api/filereport?accession=SRS4142184&result=read_run&fields=run_accession,fastq_ftp,fastq_md5,fastq_bytes	https://www.ebi.ac.uk/ena/portal/api/filereport?accession=SRS4142184&result=read_run&fields=run_accession,submitted_ftp,submitted_md5,submitted_bytes,submitted_format	ISS water tank	not collected	not collected	not applicable	not applicable	not applicable	not applicable	not applicable	not applicable	not applicable	not applicable	not applicable	not applicable	not applicable	not applicable	not applicable	electric light	not collected	not collected	not collected	not collected	typical occupied	not collected	not collected	595	7	MIGS/MIMS/MIMARKS.built	16557	8311614	2018-12-15	2018-12-15		
NCBI	pda|hlorenzi	SRS4142177	SAMN10510835	SSA.1	SSA.1	77133	uncultured bacterium	ARED Handle Bar Surface Swab 1	SRP173401	SRX5129058	SRR8316351	SRA823063	https://www.ebi.ac.uk/ena/portal/api/filereport?accession=SRS4142177&result=read_run&fields=run_accession,fastq_ftp,fastq_md5,fastq_bytes	https://www.ebi.ac.uk/ena/portal/api/filereport?accession=SRS4142177&result=read_run&fields=run_accession,submitted_ftp,submitted_md5,submitted_bytes,submitted_format	ISS ARED Handle Bar Surface	not collected	not collected	not applicable	not applicable	not applicable	not applicable	not applicable	not applicable	not applicable	not applicable	not applicable	not applicable	not applicable	not applicable	not applicable	electric light	not collected	not collected	not collected	not collected	typical occupied	not collected	not collected	599	1	MIGS/MIMS/MIMARKS.built	116232	58348464	2018-12-15	2018-12-15		
NCBI	pda|hlorenzi	SRS4142178	SAMN10510836	SSA.2	SSA.2	77133	uncultured bacterium	ARED Handle Bar Surface Swab 2	SRP173401	SRX5129059	SRR8316350	SRA823063	https://www.ebi.ac.uk/ena/portal/api/filereport?accession=SRS4142178&result=read_run&fields=run_accession,fastq_ftp,fastq_md5,fastq_bytes	https://www.ebi.ac.uk/ena/portal/api/filereport?accession=SRS4142178&result=read_run&fields=run_accession,submitted_ftp,submitted_md5,submitted_bytes,submitted_format	ISS ARED Handle Bar Surface	not collected	not collected	not applicable	not applicable	not applicable	not applicable	not applicable	not applicable	not applicable	not applicable	not applicable	not applicable	not applicable	not applicable	not applicable	electric light	not collected	not collected	not collected	not collected	typical occupied	not collected	not collected	600	2	MIGS/MIMS/MIMARKS.built	4525	2271550	2018-12-15	2018-12-15		
NCBI	pda|hlorenzi	SRS4142179	SAMN10510837	SSA.3	SSA.3	77133	uncultured bacterium	ARED Handle Bar Surface Swab 3	SRP173401	SRX5129060	SRR8316349	SRA823063	https://www.ebi.ac.uk/ena/portal/api/filereport?accession=SRS4142179&result=read_run&fields=run_accession,fastq_ftp,fastq_md5,fastq_bytes	https://www.ebi.ac.uk/ena/portal/api/filereport?accession=SRS4142179&result=read_run&fields=run_accession,submitted_ftp,submitted_md5,submitted_bytes,submitted_format	ISS ARED Handle Bar Surface	not collected	not collected	not applicable	not applicable	not applicable	not applicable	not applicable	not applicable	not applicable	not applicable	not applicable	not applicable	not applicable	not applicable	not applicable	electric light	not collected	not collected	not collected	not collected	typical occupied	not collected	not collected	601	3	MIGS/MIMS/MIMARKS.built	9991	5015482	2018-12-15	2018-12-15		
NCBI	pda|hlorenzi	SRS4142195	SAMN10510838	SSA.4	SSA.4	77133	uncultured bacterium	ARED Handle Bar Surface Swab 4	SRP173401	SRX5129076	SRR8316333	SRA823063	https://www.ebi.ac.uk/ena/portal/api/filereport?accession=SRS4142195&result=read_run&fields=run_accession,fastq_ftp,fastq_md5,fastq_bytes	https://www.ebi.ac.uk/ena/portal/api/filereport?accession=SRS4142195&result=read_run&fields=run_accession,submitted_ftp,submitted_md5,submitted_bytes,submitted_format	ISS ARED Handle Bar Surface	not collected	not collected	not applicable	not applicable	not applicable	not applicable	not applicable	not applicable	not applicable	not applicable	not applicable	not applicable	not applicable	not applicable	not applicable	electric light	not collected	not collected	not collected	not collected	typical occupied	not collected	not collected	602	4	MIGS/MIMS/MIMARKS.built	12036	6042072	2018-12-15	2018-12-15		
NCBI	pda|hlorenzi	SRS4142186	SAMN10510839	SSA.5	SSA.5	77133	uncultured bacterium	ARED Handle Bar Surface Swab 5	SRP173401	SRX5129067	SRR8316342	SRA823063	https://www.ebi.ac.uk/ena/portal/api/filereport?accession=SRS4142186&result=read_run&fields=run_accession,fastq_ftp,fastq_md5,fastq_bytes	https://www.ebi.ac.uk/ena/portal/api/filereport?accession=SRS4142186&result=read_run&fields=run_accession,submitted_ftp,submitted_md5,submitted_bytes,submitted_format	ISS ARED Handle Bar Surface	not collected	not collected	not applicable	not applicable	not applicable	not applicable	not applicable	not applicable	not applicable	not applicable	not applicable	not applicable	not applicable	not applicable	not applicable	electric light	not collected	not collected	not collected	not collected	typical occupied	not collected	not collected	603	5	MIGS/MIMS/MIMARKS.built	10008	5024016	2018-12-15	2018-12-15		
NCBI	pda|hlorenzi	SRS4142138	SAMN10510840	SSA.6	SSA.6	77133	uncultured bacterium	ARED Handle Bar Surface Swab 6	SRP173401	SRX5129019	SRR8316390	SRA823063	https://www.ebi.ac.uk/ena/portal/api/filereport?accession=SRS4142138&result=read_run&fields=run_accession,fastq_ftp,fastq_md5,fastq_bytes	https://www.ebi.ac.uk/ena/portal/api/filereport?accession=SRS4142138&result=read_run&fields=run_accession,submitted_ftp,submitted_md5,submitted_bytes,submitted_format	ISS ARED Handle Bar Surface	not collected	not collected	not applicable	not applicable	not applicable	not applicable	not applicable	not applicable	not applicable	not applicable	not applicable	not applicable	not applicable	not applicable	not applicable	electric light	not collected	not collected	not collected	not collected	typical occupied	not collected	not collected	604	6	MIGS/MIMS/MIMARKS.built	21698	10892396	2018-12-15	2018-12-15		
NCBI	pda|hlorenzi	SRS4142211	SAMN10510841	SSA.7	SSA.7	77133	uncultured bacterium	ARED Handle Bar Surface Swab 7	SRP173401	SRX5129092	SRR8316317	SRA823063	https://www.ebi.ac.uk/ena/portal/api/filereport?accession=SRS4142211&result=read_run&fields=run_accession,fastq_ftp,fastq_md5,fastq_bytes	https://www.ebi.ac.uk/ena/portal/api/filereport?accession=SRS4142211&result=read_run&fields=run_accession,submitted_ftp,submitted_md5,submitted_bytes,submitted_format	ISS ARED Handle Bar Surface	not collected	not collected	not applicable	not applicable	not applicable	not applicable	not applicable	not applicable	not applicable	not applicable	not applicable	not applicable	not applicable	not applicable	not applicable	electric light	not collected	not collected	not collected	not collected	typical occupied	not collected	not collected	605	7	MIGS/MIMS/MIMARKS.built	22827	11459154	2018-12-15	2018-12-15		
NCBI	pda|hlorenzi	SRS4142212	SAMN10510842	SSA.8	SSA.8	77133	uncultured bacterium	ARED Handle Bar Surface Swab 8	SRP173401	SRX5129093	SRR8316316	SRA823063	https://www.ebi.ac.uk/ena/portal/api/filereport?accession=SRS4142212&result=read_run&fields=run_accession,fastq_ftp,fastq_md5,fastq_bytes	https://www.ebi.ac.uk/ena/portal/api/filereport?accession=SRS4142212&result=read_run&fields=run_accession,submitted_ftp,submitted_md5,submitted_bytes,submitted_format	ISS ARED Handle Bar Surface	not collected	not collected	not applicable	not applicable	not applicable	not applicable	not applicable	not applicable	not applicable	not applicable	not applicable	not applicable	not applicable	not applicable	not applicable	electric light	not collected	not collected	not collected	not collected	typical occupied	not collected	not collected	606	8	MIGS/MIMS/MIMARKS.built	24744	12421488	2018-12-15	2018-12-15		
NCBI	pda|hlorenzi	SRS4142210	SAMN10510843	SSA.9	SSA.9	77133	uncultured bacterium	ARED Handle Bar Surface Swab 9	SRP173401	SRX5129090	SRR8316319	SRA823063	https://www.ebi.ac.uk/ena/portal/api/filereport?accession=SRS4142210&result=read_run&fields=run_accession,fastq_ftp,fastq_md5,fastq_bytes	https://www.ebi.ac.uk/ena/portal/api/filereport?accession=SRS4142210&result=read_run&fields=run_accession,submitted_ftp,submitted_md5,submitted_bytes,submitted_format	ISS ARED Handle Bar Surface	not collected	not collected	not applicable	not applicable	not applicable	not applicable	not applicable	not applicable	not applicable	not applicable	not applicable	not applicable	not applicable	not applicable	not applicable	electric light	not collected	not collected	not collected	not collected	typical occupied	not collected	not collected	607	9	MIGS/MIMS/MIMARKS.built	21272	10678544	2018-12-15	2018-12-15		
NCBI	pda|hlorenzi	SRS4142209	SAMN10510845	SSB.1	SSB.1	77133	uncultured bacterium	Intermodular Ventilation (IVM) Inlet -Foreward Starboard Surface Swab 1	SRP173401	SRX5129091	SRR8316318	SRA823063	https://www.ebi.ac.uk/ena/portal/api/filereport?accession=SRS4142209&result=read_run&fields=run_accession,fastq_ftp,fastq_md5,fastq_bytes	https://www.ebi.ac.uk/ena/portal/api/filereport?accession=SRS4142209&result=read_run&fields=run_accession,submitted_ftp,submitted_md5,submitted_bytes,submitted_format	ISS Intermodular Ventilation (IVM) Inlet -Foreward Starboard Surface	not collected	not collected	not applicable	not applicable	not applicable	not applicable	not applicable	not applicable	not applicable	not applicable	not applicable	not applicable	not applicable	not applicable	not applicable	electric light	not collected	not collected	not collected	not collected	typical occupied	not collected	not collected	609	1	MIGS/MIMS/MIMARKS.built	111822	56134644	2018-12-15	2018-12-15		
NCBI	pda|hlorenzi	SRS4142207	SAMN10510846	SSB.2	SSB.2	77133	uncultured bacterium	Intermodular Ventilation (IVM) Inlet -Foreward Starboard Surface Swab 2	SRP173401	SRX5129088	SRR8316321	SRA823063	https://www.ebi.ac.uk/ena/portal/api/filereport?accession=SRS4142207&result=read_run&fields=run_accession,fastq_ftp,fastq_md5,fastq_bytes	https://www.ebi.ac.uk/ena/portal/api/filereport?accession=SRS4142207&result=read_run&fields=run_accession,submitted_ftp,submitted_md5,submitted_bytes,submitted_format	ISS Intermodular Ventilation (IVM) Inlet -Foreward Starboard Surface	not collected	not collected	not applicable	not applicable	not applicable	not applicable	not applicable	not applicable	not applicable	not applicable	not applicable	not applicable	not applicable	not applicable	not applicable	electric light	not collected	not collected	not collected	not collected	typical occupied	not collected	not collected	610	2	MIGS/MIMS/MIMARKS.built	10927	5485354	2018-12-15	2018-12-15		
NCBI	pda|hlorenzi	SRS4142208	SAMN10510847	SSB.3	SSB.3	77133	uncultured bacterium	Intermodular Ventilation (IVM) Inlet -Foreward Starboard Surface Swab 3	SRP173401	SRX5129089	SRR8316320	SRA823063	https://www.ebi.ac.uk/ena/portal/api/filereport?accession=SRS4142208&result=read_run&fields=run_accession,fastq_ftp,fastq_md5,fastq_bytes	https://www.ebi.ac.uk/ena/portal/api/filereport?accession=SRS4142208&result=read_run&fields=run_accession,submitted_ftp,submitted_md5,submitted_bytes,submitted_format	ISS Intermodular Ventilation (IVM) Inlet -Foreward Starboard Surface	not collected	not collected	not applicable	not applicable	not applicable	not applicable	not applicable	not applicable	not applicable	not applicable	not applicable	not applicable	not applicable	not applicable	not applicable	electric light	not collected	not collected	not collected	not collected	typical occupied	not collected	not collected	611	3	MIGS/MIMS/MIMARKS.built	4384	2200768	2018-12-15	2018-12-15		
NCBI	pda|hlorenzi	SRS4142205	SAMN10510848	SSB.4	SSB.4	77133	uncultured bacterium	Intermodular Ventilation (IVM) Inlet -Foreward Starboard Surface Swab 4	SRP173401	SRX5129086	SRR8316323	SRA823063	https://www.ebi.ac.uk/ena/portal/api/filereport?accession=SRS4142205&result=read_run&fields=run_accession,fastq_ftp,fastq_md5,fastq_bytes	https://www.ebi.ac.uk/ena/portal/api/filereport?accession=SRS4142205&result=read_run&fields=run_accession,submitted_ftp,submitted_md5,submitted_bytes,submitted_format	ISS Intermodular Ventilation (IVM) Inlet -Foreward Starboard Surface	not collected	not collected	not applicable	not applicable	not applicable	not applicable	not applicable	not applicable	not applicable	not applicable	not applicable	not applicable	not applicable	not applicable	not applicable	electric light	not collected	not collected	not collected	not collected	typical occupied	not collected	not collected	612	4	MIGS/MIMS/MIMARKS.built	16383	8224266	2018-12-15	2018-12-15		
NCBI	pda|hlorenzi	SRS4142206	SAMN10510849	SSB.5	SSB.5	77133	uncultured bacterium	Intermodular Ventilation (IVM) Inlet -Foreward Starboard Surface Swab 5	SRP173401	SRX5129087	SRR8316322	SRA823063	https://www.ebi.ac.uk/ena/portal/api/filereport?accession=SRS4142206&result=read_run&fields=run_accession,fastq_ftp,fastq_md5,fastq_bytes	https://www.ebi.ac.uk/ena/portal/api/filereport?accession=SRS4142206&result=read_run&fields=run_accession,submitted_ftp,submitted_md5,submitted_bytes,submitted_format	ISS Intermodular Ventilation (IVM) Inlet -Foreward Starboard Surface	not collected	not collected	not applicable	not applicable	not applicable	not applicable	not applicable	not applicable	not applicable	not applicable	not applicable	not applicable	not applicable	not applicable	not applicable	electric light	not collected	not collected	not collected	not collected	typical occupied	not collected	not collected	613	5	MIGS/MIMS/MIMARKS.built	18223	9147946	2018-12-15	2018-12-15		
NCBI	pda|hlorenzi	SRS4142214	SAMN10510850	SSB.6	SSB.6	77133	uncultured bacterium	Intermodular Ventilation (IVM) Inlet -Foreward Starboard Surface Swab 6	SRP173401	SRX5129096	SRR8316313	SRA823063	https://www.ebi.ac.uk/ena/portal/api/filereport?accession=SRS4142214&result=read_run&fields=run_accession,fastq_ftp,fastq_md5,fastq_bytes	https://www.ebi.ac.uk/ena/portal/api/filereport?accession=SRS4142214&result=read_run&fields=run_accession,submitted_ftp,submitted_md5,submitted_bytes,submitted_format	ISS Intermodular Ventilation (IVM) Inlet -Foreward Starboard Surface	not collected	not collected	not applicable	not applicable	not applicable	not applicable	not applicable	not applicable	not applicable	not applicable	not applicable	not applicable	not applicable	not applicable	not applicable	electric light	not collected	not collected	not collected	not collected	typical occupied	not collected	not collected	614	6	MIGS/MIMS/MIMARKS.built	21802	10944604	2018-12-15	2018-12-15		
NCBI	pda|hlorenzi	SRS4142216	SAMN10510851	SSB.7	SSB.7	77133	uncultured bacterium	Intermodular Ventilation (IVM) Inlet -Foreward Starboard Surface Swab 7	SRP173401	SRX5129097	SRR8316312	SRA823063	https://www.ebi.ac.uk/ena/portal/api/filereport?accession=SRS4142216&result=read_run&fields=run_accession,fastq_ftp,fastq_md5,fastq_bytes	https://www.ebi.ac.uk/ena/portal/api/filereport?accession=SRS4142216&result=read_run&fields=run_accession,submitted_ftp,submitted_md5,submitted_bytes,submitted_format	ISS Intermodular Ventilation (IVM) Inlet -Foreward Starboard Surface	not collected	not collected	not applicable	not applicable	not applicable	not applicable	not applicable	not applicable	not applicable	not applicable	not applicable	not applicable	not applicable	not applicable	not applicable	electric light	not collected	not collected	not collected	not collected	typical occupied	not collected	not collected	615	7	MIGS/MIMS/MIMARKS.built	27465	13787430	2018-12-15	2018-12-15		
NCBI	pda|hlorenzi	SRS4142164	SAMN10510852	SSB.8	SSB.8	77133	uncultured bacterium	Intermodular Ventilation (IVM) Inlet -Foreward Starboard Surface Swab 8	SRP173401	SRX5129045	SRR8316364	SRA823063	https://www.ebi.ac.uk/ena/portal/api/filereport?accession=SRS4142164&result=read_run&fields=run_accession,fastq_ftp,fastq_md5,fastq_bytes	https://www.ebi.ac.uk/ena/portal/api/filereport?accession=SRS4142164&result=read_run&fields=run_accession,submitted_ftp,submitted_md5,submitted_bytes,submitted_format	ISS Intermodular Ventilation (IVM) Inlet -Foreward Starboard Surface	not collected	not collected	not applicable	not applicable	not applicable	not applicable	not applicable	not applicable	not applicable	not applicable	not applicable	not applicable	not applicable	not applicable	not applicable	electric light	not collected	not collected	not collected	not collected	typical occupied	not collected	not collected	616	8	MIGS/MIMS/MIMARKS.built	33489	16811478	2018-12-15	2018-12-15		
NCBI	pda|hlorenzi	SRS4142163	SAMN10510853	SSB.9	SSB.9	77133	uncultured bacterium	Intermodular Ventilation (IVM) Inlet -Foreward Starboard Surface Swab 9	SRP173401	SRX5129044	SRR8316365	SRA823063	https://www.ebi.ac.uk/ena/portal/api/filereport?accession=SRS4142163&result=read_run&fields=run_accession,fastq_ftp,fastq_md5,fastq_bytes	https://www.ebi.ac.uk/ena/portal/api/filereport?accession=SRS4142163&result=read_run&fields=run_accession,submitted_ftp,submitted_md5,submitted_bytes,submitted_format	ISS Intermodular Ventilation (IVM) Inlet -Foreward Starboard Surface	not collected	not collected	not applicable	not applicable	not applicable	not applicable	not applicable	not applicable	not applicable	not applicable	not applicable	not applicable	not applicable	not applicable	not applicable	electric light	not collected	not collected	not collected	not collected	typical occupied	not collected	not collected	617	9	MIGS/MIMS/MIMARKS.built	15327	7694154	2018-12-15	2018-12-15		
NCBI	pda|hlorenzi	SRS4142162	SAMN10510855	SSC.1	SSC.1	77133	uncultured bacterium	Cupola Nadir Window Shade Knob Surface Swab 1	SRP173401	SRX5129043	SRR8316366	SRA823063	https://www.ebi.ac.uk/ena/portal/api/filereport?accession=SRS4142162&result=read_run&fields=run_accession,fastq_ftp,fastq_md5,fastq_bytes	https://www.ebi.ac.uk/ena/portal/api/filereport?accession=SRS4142162&result=read_run&fields=run_accession,submitted_ftp,submitted_md5,submitted_bytes,submitted_format	ISS Cupola Nadir Window Shade Knob Surface	not collected	not collected	not applicable	not applicable	not applicable	not applicable	not applicable	not applicable	not applicable	not applicable	not applicable	not applicable	not applicable	not applicable	not applicable	electric light	not collected	not collected	not collected	not collected	typical occupied	not collected	not collected	619	1	MIGS/MIMS/MIMARKS.built	94740	47559480	2018-12-15	2018-12-15		
NCBI	pda|hlorenzi	SRS4142161	SAMN10510856	SSC.2	SSC.2	77133	uncultured bacterium	Cupola Nadir Window Shade Knob Surface Swab 2	SRP173401	SRX5129042	SRR8316367	SRA823063	https://www.ebi.ac.uk/ena/portal/api/filereport?accession=SRS4142161&result=read_run&fields=run_accession,fastq_ftp,fastq_md5,fastq_bytes	https://www.ebi.ac.uk/ena/portal/api/filereport?accession=SRS4142161&result=read_run&fields=run_accession,submitted_ftp,submitted_md5,submitted_bytes,submitted_format	ISS Cupola Nadir Window Shade Knob Surface	not collected	not collected	not applicable	not applicable	not applicable	not applicable	not applicable	not applicable	not applicable	not applicable	not applicable	not applicable	not applicable	not applicable	not applicable	electric light	not collected	not collected	not collected	not collected	typical occupied	not collected	not collected	620	2	MIGS/MIMS/MIMARKS.built	3042	1527084	2018-12-15	2018-12-15		
NCBI	pda|hlorenzi	SRS4142169	SAMN10510857	SSC.3	SSC.3	77133	uncultured bacterium	Cupola Nadir Window Shade Knob Surface Swab 3	SRP173401	SRX5129049	SRR8316360	SRA823063	https://www.ebi.ac.uk/ena/portal/api/filereport?accession=SRS4142169&result=read_run&fields=run_accession,fastq_ftp,fastq_md5,fastq_bytes	https://www.ebi.ac.uk/ena/portal/api/filereport?accession=SRS4142169&result=read_run&fields=run_accession,submitted_ftp,submitted_md5,submitted_bytes,submitted_format	ISS Cupola Nadir Window Shade Knob Surface	not collected	not collected	not applicable	not applicable	not applicable	not applicable	not applicable	not applicable	not applicable	not applicable	not applicable	not applicable	not applicable	not applicable	not applicable	electric light	not collected	not collected	not collected	not collected	typical occupied	not collected	not collected	621	3	MIGS/MIMS/MIMARKS.built	67509	33889518	2018-12-15	2018-12-15		
NCBI	pda|hlorenzi	SRS4142167	SAMN10510858	SSC.4	SSC.4	77133	uncultured bacterium	Cupola Nadir Window Shade Knob Surface Swab 4	SRP173401	SRX5129048	SRR8316361	SRA823063	https://www.ebi.ac.uk/ena/portal/api/filereport?accession=SRS4142167&result=read_run&fields=run_accession,fastq_ftp,fastq_md5,fastq_bytes	https://www.ebi.ac.uk/ena/portal/api/filereport?accession=SRS4142167&result=read_run&fields=run_accession,submitted_ftp,submitted_md5,submitted_bytes,submitted_format	ISS Cupola Nadir Window Shade Knob Surface	not collected	not collected	not applicable	not applicable	not applicable	not applicable	not applicable	not applicable	not applicable	not applicable	not applicable	not applicable	not applicable	not applicable	not applicable	electric light	not collected	not collected	not collected	not collected	typical occupied	not collected	not collected	622	4	MIGS/MIMS/MIMARKS.built	17677	8873854	2018-12-15	2018-12-15		
NCBI	pda|hlorenzi	SRS4142166	SAMN10510859	SSC.5	SSC.5	77133	uncultured bacterium	Cupola Nadir Window Shade Knob Surface Swab 5	SRP173401	SRX5129047	SRR8316362	SRA823063	https://www.ebi.ac.uk/ena/portal/api/filereport?accession=SRS4142166&result=read_run&fields=run_accession,fastq_ftp,fastq_md5,fastq_bytes	https://www.ebi.ac.uk/ena/portal/api/filereport?accession=SRS4142166&result=read_run&fields=run_accession,submitted_ftp,submitted_md5,submitted_bytes,submitted_format	ISS Cupola Nadir Window Shade Knob Surface	not collected	not collected	not applicable	not applicable	not applicable	not applicable	not applicable	not applicable	not applicable	not applicable	not applicable	not applicable	not applicable	not applicable	not applicable	electric light	not collected	not collected	not collected	not collected	typical occupied	not collected	not collected	623	5	MIGS/MIMS/MIMARKS.built	4120	2068240	2018-12-15	2018-12-15		
NCBI	pda|hlorenzi	SRS4142165	SAMN10510860	SSC.6	SSC.6	77133	uncultured bacterium	Cupola Nadir Window Shade Knob Surface Swab 6	SRP173401	SRX5129046	SRR8316363	SRA823063	https://www.ebi.ac.uk/ena/portal/api/filereport?accession=SRS4142165&result=read_run&fields=run_accession,fastq_ftp,fastq_md5,fastq_bytes	https://www.ebi.ac.uk/ena/portal/api/filereport?accession=SRS4142165&result=read_run&fields=run_accession,submitted_ftp,submitted_md5,submitted_bytes,submitted_format	ISS Cupola Nadir Window Shade Knob Surface	not collected	not collected	not applicable	not applicable	not applicable	not applicable	not applicable	not applicable	not applicable	not applicable	not applicable	not applicable	not applicable	not applicable	not applicable	electric light	not collected	not collected	not collected	not collected	typical occupied	not collected	not collected	624	6	MIGS/MIMS/MIMARKS.built	8940	4487880	2018-12-15	2018-12-15		
NCBI	pda|hlorenzi	SRS4142170	SAMN10510861	SSC.7	SSC.7	77133	uncultured bacterium	Cupola Nadir Window Shade Knob Surface Swab 7	SRP173401	SRX5129051	SRR8316358	SRA823063	https://www.ebi.ac.uk/ena/portal/api/filereport?accession=SRS4142170&result=read_run&fields=run_accession,fastq_ftp,fastq_md5,fastq_bytes	https://www.ebi.ac.uk/ena/portal/api/filereport?accession=SRS4142170&result=read_run&fields=run_accession,submitted_ftp,submitted_md5,submitted_bytes,submitted_format	ISS Cupola Nadir Window Shade Knob Surface	not collected	not collected	not applicable	not applicable	not applicable	not applicable	not applicable	not applicable	not applicable	not applicable	not applicable	not applicable	not applicable	not applicable	not applicable	electric light	not collected	not collected	not collected	not collected	typical occupied	not collected	not collected	625	7	MIGS/MIMS/MIMARKS.built	14218	7137436	2018-12-15	2018-12-15		
NCBI	pda|hlorenzi	SRS4142168	SAMN10510862	SSC.8	SSC.8	77133	uncultured bacterium	Cupola Nadir Window Shade Knob Surface Swab 8	SRP173401	SRX5129050	SRR8316359	SRA823063	https://www.ebi.ac.uk/ena/portal/api/filereport?accession=SRS4142168&result=read_run&fields=run_accession,fastq_ftp,fastq_md5,fastq_bytes	https://www.ebi.ac.uk/ena/portal/api/filereport?accession=SRS4142168&result=read_run&fields=run_accession,submitted_ftp,submitted_md5,submitted_bytes,submitted_format	ISS Cupola Nadir Window Shade Knob Surface	not collected	not collected	not applicable	not applicable	not applicable	not applicable	not applicable	not applicable	not applicable	not applicable	not applicable	not applicable	not applicable	not applicable	not applicable	electric light	not collected	not collected	not collected	not collected	typical occupied	not collected	not collected	626	8	MIGS/MIMS/MIMARKS.built	17339	8704178	2018-12-15	2018-12-15		
NCBI	pda|hlorenzi	SRS4142201	SAMN10510863	SSC.9	SSC.9	77133	uncultured bacterium	Cupola Nadir Window Shade Knob Surface Swab 9	SRP173401	SRX5129082	SRR8316327	SRA823063	https://www.ebi.ac.uk/ena/portal/api/filereport?accession=SRS4142201&result=read_run&fields=run_accession,fastq_ftp,fastq_md5,fastq_bytes	https://www.ebi.ac.uk/ena/portal/api/filereport?accession=SRS4142201&result=read_run&fields=run_accession,submitted_ftp,submitted_md5,submitted_bytes,submitted_format	ISS Cupola Nadir Window Shade Knob Surface	not collected	not collected	not applicable	not applicable	not applicable	not applicable	not applicable	not applicable	not applicable	not applicable	not applicable	not applicable	not applicable	not applicable	not applicable	electric light	not collected	not collected	not collected	not collected	typical occupied	not collected	not collected	627	9	MIGS/MIMS/MIMARKS.built	20907	10495314	2018-12-15	2018-12-15		
NCBI	pda|hlorenzi	SRS4142202	SAMN10510865	SSD.1	SSD.1	77133	uncultured bacterium	Crew Quarters Stationary Light Knob Surface Swab 1	SRP173401	SRX5129083	SRR8316326	SRA823063	https://www.ebi.ac.uk/ena/portal/api/filereport?accession=SRS4142202&result=read_run&fields=run_accession,fastq_ftp,fastq_md5,fastq_bytes	https://www.ebi.ac.uk/ena/portal/api/filereport?accession=SRS4142202&result=read_run&fields=run_accession,submitted_ftp,submitted_md5,submitted_bytes,submitted_format	ISS Crew Quarters Stationary Light Knob Surface	not collected	not collected	not applicable	not applicable	not applicable	not applicable	not applicable	not applicable	not applicable	not applicable	not applicable	not applicable	not applicable	not applicable	not applicable	electric light	not collected	not collected	not collected	not collected	typical occupied	not collected	not collected	629	1	MIGS/MIMS/MIMARKS.built	64447	32352394	2018-12-15	2018-12-15		
NCBI	pda|hlorenzi	SRS4142203	SAMN10510866	SSD.2	SSD.2	77133	uncultured bacterium	Crew Quarters Stationary Light Knob Surface Swab 2	SRP173401	SRX5129084	SRR8316325	SRA823063	https://www.ebi.ac.uk/ena/portal/api/filereport?accession=SRS4142203&result=read_run&fields=run_accession,fastq_ftp,fastq_md5,fastq_bytes	https://www.ebi.ac.uk/ena/portal/api/filereport?accession=SRS4142203&result=read_run&fields=run_accession,submitted_ftp,submitted_md5,submitted_bytes,submitted_format	ISS Crew Quarters Stationary Light Knob Surface	not collected	not collected	not applicable	not applicable	not applicable	not applicable	not applicable	not applicable	not applicable	not applicable	not applicable	not applicable	not applicable	not applicable	not applicable	electric light	not collected	not collected	not collected	not collected	typical occupied	not collected	not collected	630	2	MIGS/MIMS/MIMARKS.built	12724	6387448	2018-12-15	2018-12-15		
NCBI	pda|hlorenzi	SRS4142204	SAMN10510867	SSD.3	SSD.3	77133	uncultured bacterium	Crew Quarters Stationary Light Knob Surface Swab 3	SRP173401	SRX5129085	SRR8316324	SRA823063	https://www.ebi.ac.uk/ena/portal/api/filereport?accession=SRS4142204&result=read_run&fields=run_accession,fastq_ftp,fastq_md5,fastq_bytes	https://www.ebi.ac.uk/ena/portal/api/filereport?accession=SRS4142204&result=read_run&fields=run_accession,submitted_ftp,submitted_md5,submitted_bytes,submitted_format	ISS Crew Quarters Stationary Light Knob Surface	not collected	not collected	not applicable	not applicable	not applicable	not applicable	not applicable	not applicable	not applicable	not applicable	not applicable	not applicable	not applicable	not applicable	not applicable	electric light	not collected	not collected	not collected	not collected	typical occupied	not collected	not collected	631	3	MIGS/MIMS/MIMARKS.built	19565	9821630	2018-12-15	2018-12-15		
NCBI	pda|hlorenzi	SRS4142196	SAMN10510868	SSD.4	SSD.4	77133	uncultured bacterium	Crew Quarters Stationary Light Knob Surface Swab 4	SRP173401	SRX5129078	SRR8316331	SRA823063	https://www.ebi.ac.uk/ena/portal/api/filereport?accession=SRS4142196&result=read_run&fields=run_accession,fastq_ftp,fastq_md5,fastq_bytes	https://www.ebi.ac.uk/ena/portal/api/filereport?accession=SRS4142196&result=read_run&fields=run_accession,submitted_ftp,submitted_md5,submitted_bytes,submitted_format	ISS Crew Quarters Stationary Light Knob Surface	not collected	not collected	not applicable	not applicable	not applicable	not applicable	not applicable	not applicable	not applicable	not applicable	not applicable	not applicable	not applicable	not applicable	not applicable	electric light	not collected	not collected	not collected	not collected	typical occupied	not collected	not collected	632	4	MIGS/MIMS/MIMARKS.built	36765	18456030	2018-12-15	2018-12-15		
NCBI	pda|hlorenzi	SRS4142198	SAMN10510869	SSD.5	SSD.5	77133	uncultured bacterium	Crew Quarters Stationary Light Knob Surface Swab 5	SRP173401	SRX5129079	SRR8316330	SRA823063	https://www.ebi.ac.uk/ena/portal/api/filereport?accession=SRS4142198&result=read_run&fields=run_accession,fastq_ftp,fastq_md5,fastq_bytes	https://www.ebi.ac.uk/ena/portal/api/filereport?accession=SRS4142198&result=read_run&fields=run_accession,submitted_ftp,submitted_md5,submitted_bytes,submitted_format	ISS Crew Quarters Stationary Light Knob Surface	not collected	not collected	not applicable	not applicable	not applicable	not applicable	not applicable	not applicable	not applicable	not applicable	not applicable	not applicable	not applicable	not applicable	not applicable	electric light	not collected	not collected	not collected	not collected	typical occupied	not collected	not collected	633	5	MIGS/MIMS/MIMARKS.built	10749	5395998	2018-12-15	2018-12-15		
NCBI	pda|hlorenzi	SRS4142200	SAMN10510870	SSD.6	SSD.6	77133	uncultured bacterium	Crew Quarters Stationary Light Knob Surface Swab 6	SRP173401	SRX5129080	SRR8316329	SRA823063	https://www.ebi.ac.uk/ena/portal/api/filereport?accession=SRS4142200&result=read_run&fields=run_accession,fastq_ftp,fastq_md5,fastq_bytes	https://www.ebi.ac.uk/ena/portal/api/filereport?accession=SRS4142200&result=read_run&fields=run_accession,submitted_ftp,submitted_md5,submitted_bytes,submitted_format	ISS Crew Quarters Stationary Light Knob Surface	not collected	not collected	not applicable	not applicable	not applicable	not applicable	not applicable	not applicable	not applicable	not applicable	not applicable	not applicable	not applicable	not applicable	not applicable	electric light	not collected	not collected	not collected	not collected	typical occupied	not collected	not collected	634	6	MIGS/MIMS/MIMARKS.built	13692	6873384	2018-12-15	2018-12-15		
NCBI	pda|hlorenzi	SRS4142199	SAMN10510871	SSD.7	SSD.7	77133	uncultured bacterium	Crew Quarters Stationary Light Knob Surface Swab 7	SRP173401	SRX5129081	SRR8316328	SRA823063	https://www.ebi.ac.uk/ena/portal/api/filereport?accession=SRS4142199&result=read_run&fields=run_accession,fastq_ftp,fastq_md5,fastq_bytes	https://www.ebi.ac.uk/ena/portal/api/filereport?accession=SRS4142199&result=read_run&fields=run_accession,submitted_ftp,submitted_md5,submitted_bytes,submitted_format	ISS Crew Quarters Stationary Light Knob Surface	not collected	not collected	not applicable	not applicable	not applicable	not applicable	not applicable	not applicable	not applicable	not applicable	not applicable	not applicable	not applicable	not applicable	not applicable	electric light	not collected	not collected	not collected	not collected	typical occupied	not collected	not collected	635	7	MIGS/MIMS/MIMARKS.built	14060	7058120	2018-12-15	2018-12-15		
NCBI	pda|hlorenzi	SRS4142193	SAMN10510872	SSD.8	SSD.8	77133	uncultured bacterium	Crew Quarters Stationary Light Knob Surface Swab 8	SRP173401	SRX5129074	SRR8316335	SRA823063	https://www.ebi.ac.uk/ena/portal/api/filereport?accession=SRS4142193&result=read_run&fields=run_accession,fastq_ftp,fastq_md5,fastq_bytes	https://www.ebi.ac.uk/ena/portal/api/filereport?accession=SRS4142193&result=read_run&fields=run_accession,submitted_ftp,submitted_md5,submitted_bytes,submitted_format	ISS Crew Quarters Stationary Light Knob Surface	not collected	not collected	not applicable	not applicable	not applicable	not applicable	not applicable	not applicable	not applicable	not applicable	not applicable	not applicable	not applicable	not applicable	not applicable	electric light	not collected	not collected	not collected	not collected	typical occupied	not collected	not collected	636	8	MIGS/MIMS/MIMARKS.built	18994	9534988	2018-12-15	2018-12-15		
NCBI	pda|hlorenzi	SRS4142194	SAMN10510873	SSD.9	SSD.9	77133	uncultured bacterium	Crew Quarters Stationary Light Knob Surface Swab 9	SRP173401	SRX5129075	SRR8316334	SRA823063	https://www.ebi.ac.uk/ena/portal/api/filereport?accession=SRS4142194&result=read_run&fields=run_accession,fastq_ftp,fastq_md5,fastq_bytes	https://www.ebi.ac.uk/ena/portal/api/filereport?accession=SRS4142194&result=read_run&fields=run_accession,submitted_ftp,submitted_md5,submitted_bytes,submitted_format	ISS Crew Quarters Stationary Light Knob Surface	not collected	not collected	not applicable	not applicable	not applicable	not applicable	not applicable	not applicable	not applicable	not applicable	not applicable	not applicable	not applicable	not applicable	not applicable	electric light	not collected	not collected	not collected	not collected	typical occupied	not collected	not collected	637	9	MIGS/MIMS/MIMARKS.built	24608	12353216	2018-12-15	2018-12-15		
NCBI	pda|hlorenzi	SRS4142154	SAMN10510875	SSE.1	SSE.1	77133	uncultured bacterium	Smoke Detector Surface Swab 1	SRP173401	SRX5129035	SRR8316374	SRA823063	https://www.ebi.ac.uk/ena/portal/api/filereport?accession=SRS4142154&result=read_run&fields=run_accession,fastq_ftp,fastq_md5,fastq_bytes	https://www.ebi.ac.uk/ena/portal/api/filereport?accession=SRS4142154&result=read_run&fields=run_accession,submitted_ftp,submitted_md5,submitted_bytes,submitted_format	ISS Smoke Detector Surface	not collected	not collected	not applicable	not applicable	not applicable	not applicable	not applicable	not applicable	not applicable	not applicable	not applicable	not applicable	not applicable	not applicable	not applicable	electric light	not collected	not collected	not collected	not collected	typical occupied	not collected	not collected	639	1	MIGS/MIMS/MIMARKS.built	98296	49344592	2018-12-15	2018-12-15		
NCBI	pda|hlorenzi	SRS4142153	SAMN10510876	SSE.2	SSE.2	77133	uncultured bacterium	Smoke Detector Surface Swab 2	SRP173401	SRX5129034	SRR8316375	SRA823063	https://www.ebi.ac.uk/ena/portal/api/filereport?accession=SRS4142153&result=read_run&fields=run_accession,fastq_ftp,fastq_md5,fastq_bytes	https://www.ebi.ac.uk/ena/portal/api/filereport?accession=SRS4142153&result=read_run&fields=run_accession,submitted_ftp,submitted_md5,submitted_bytes,submitted_format	ISS Smoke Detector Surface	not collected	not collected	not applicable	not applicable	not applicable	not applicable	not applicable	not applicable	not applicable	not applicable	not applicable	not applicable	not applicable	not applicable	not applicable	electric light	not collected	not collected	not collected	not collected	typical occupied	not collected	not collected	640	2	MIGS/MIMS/MIMARKS.built	7236	3632472	2018-12-15	2018-12-15		
NCBI	pda|hlorenzi	SRS4142156	SAMN10510877	SSE.3	SSE.3	77133	uncultured bacterium	Smoke Detector Surface Swab 3	SRP173401	SRX5129037	SRR8316372	SRA823063	https://www.ebi.ac.uk/ena/portal/api/filereport?accession=SRS4142156&result=read_run&fields=run_accession,fastq_ftp,fastq_md5,fastq_bytes	https://www.ebi.ac.uk/ena/portal/api/filereport?accession=SRS4142156&result=read_run&fields=run_accession,submitted_ftp,submitted_md5,submitted_bytes,submitted_format	ISS Smoke Detector Surface	not collected	not collected	not applicable	not applicable	not applicable	not applicable	not applicable	not applicable	not applicable	not applicable	not applicable	not applicable	not applicable	not applicable	not applicable	electric light	not collected	not collected	not collected	not collected	typical occupied	not collected	not collected	641	3	MIGS/MIMS/MIMARKS.built	12525	6287550	2018-12-15	2018-12-15		
NCBI	pda|hlorenzi	SRS4142155	SAMN10510878	SSE.4	SSE.4	77133	uncultured bacterium	Smoke Detector Surface Swab 4	SRP173401	SRX5129036	SRR8316373	SRA823063	https://www.ebi.ac.uk/ena/portal/api/filereport?accession=SRS4142155&result=read_run&fields=run_accession,fastq_ftp,fastq_md5,fastq_bytes	https://www.ebi.ac.uk/ena/portal/api/filereport?accession=SRS4142155&result=read_run&fields=run_accession,submitted_ftp,submitted_md5,submitted_bytes,submitted_format	ISS Smoke Detector Surface	not collected	not collected	not applicable	not applicable	not applicable	not applicable	not applicable	not applicable	not applicable	not applicable	not applicable	not applicable	not applicable	not applicable	not applicable	electric light	not collected	not collected	not collected	not collected	typical occupied	not collected	not collected	642	4	MIGS/MIMS/MIMARKS.built	5525	2773550	2018-12-15	2018-12-15		
NCBI	pda|hlorenzi	SRS4142158	SAMN10510879	SSE.5	SSE.5	77133	uncultured bacterium	Smoke Detector Surface Swab 5	SRP173401	SRX5129039	SRR8316370	SRA823063	https://www.ebi.ac.uk/ena/portal/api/filereport?accession=SRS4142158&result=read_run&fields=run_accession,fastq_ftp,fastq_md5,fastq_bytes	https://www.ebi.ac.uk/ena/portal/api/filereport?accession=SRS4142158&result=read_run&fields=run_accession,submitted_ftp,submitted_md5,submitted_bytes,submitted_format	ISS Smoke Detector Surface	not collected	not collected	not applicable	not applicable	not applicable	not applicable	not applicable	not applicable	not applicable	not applicable	not applicable	not applicable	not applicable	not applicable	not applicable	electric light	not collected	not collected	not collected	not collected	typical occupied	not collected	not collected	643	5	MIGS/MIMS/MIMARKS.built	16424	8244848	2018-12-15	2018-12-15		
NCBI	pda|hlorenzi	SRS4142157	SAMN10510880	SSE.6	SSE.6	77133	uncultured bacterium	Smoke Detector Surface Swab 6	SRP173401	SRX5129038	SRR8316371	SRA823063	https://www.ebi.ac.uk/ena/portal/api/filereport?accession=SRS4142157&result=read_run&fields=run_accession,fastq_ftp,fastq_md5,fastq_bytes	https://www.ebi.ac.uk/ena/portal/api/filereport?accession=SRS4142157&result=read_run&fields=run_accession,submitted_ftp,submitted_md5,submitted_bytes,submitted_format	ISS Smoke Detector Surface	not collected	not collected	not applicable	not applicable	not applicable	not applicable	not applicable	not applicable	not applicable	not applicable	not applicable	not applicable	not applicable	not applicable	not applicable	electric light	not collected	not collected	not collected	not collected	typical occupied	not collected	not collected	644	6	MIGS/MIMS/MIMARKS.built	21314	10699628	2018-12-15	2018-12-15		
NCBI	pda|hlorenzi	SRS4142160	SAMN10510881	SSE.7	SSE.7	77133	uncultured bacterium	Smoke Detector Surface Swab 7	SRP173401	SRX5129041	SRR8316368	SRA823063	https://www.ebi.ac.uk/ena/portal/api/filereport?accession=SRS4142160&result=read_run&fields=run_accession,fastq_ftp,fastq_md5,fastq_bytes	https://www.ebi.ac.uk/ena/portal/api/filereport?accession=SRS4142160&result=read_run&fields=run_accession,submitted_ftp,submitted_md5,submitted_bytes,submitted_format	ISS Smoke Detector Surface	not collected	not collected	not applicable	not applicable	not applicable	not applicable	not applicable	not applicable	not applicable	not applicable	not applicable	not applicable	not applicable	not applicable	not applicable	electric light	not collected	not collected	not collected	not collected	typical occupied	not collected	not collected	645	7	MIGS/MIMS/MIMARKS.built	22429	11259358	2018-12-15	2018-12-15		
NCBI	pda|hlorenzi	SRS4142159	SAMN10510882	SSE.8	SSE.8	77133	uncultured bacterium	Smoke Detector Surface Swab 8	SRP173401	SRX5129040	SRR8316369	SRA823063	https://www.ebi.ac.uk/ena/portal/api/filereport?accession=SRS4142159&result=read_run&fields=run_accession,fastq_ftp,fastq_md5,fastq_bytes	https://www.ebi.ac.uk/ena/portal/api/filereport?accession=SRS4142159&result=read_run&fields=run_accession,submitted_ftp,submitted_md5,submitted_bytes,submitted_format	ISS Smoke Detector Surface	not collected	not collected	not applicable	not applicable	not applicable	not applicable	not applicable	not applicable	not applicable	not applicable	not applicable	not applicable	not applicable	not applicable	not applicable	electric light	not collected	not collected	not collected	not collected	typical occupied	not collected	not collected	646	8	MIGS/MIMS/MIMARKS.built	5342	2681684	2018-12-15	2018-12-15		
NCBI	pda|hlorenzi	SRS4142146	SAMN10510883	SSE.9	SSE.9	77133	uncultured bacterium	Smoke Detector Surface Swab 9	SRP173401	SRX5129027	SRR8316382	SRA823063	https://www.ebi.ac.uk/ena/portal/api/filereport?accession=SRS4142146&result=read_run&fields=run_accession,fastq_ftp,fastq_md5,fastq_bytes	https://www.ebi.ac.uk/ena/portal/api/filereport?accession=SRS4142146&result=read_run&fields=run_accession,submitted_ftp,submitted_md5,submitted_bytes,submitted_format	ISS Smoke Detector Surface	not collected	not collected	not applicable	not applicable	not applicable	not applicable	not applicable	not applicable	not applicable	not applicable	not applicable	not applicable	not applicable	not applicable	not applicable	electric light	not collected	not collected	not collected	not collected	typical occupied	not collected	not collected	647	9	MIGS/MIMS/MIMARKS.built	18764	9419528	2018-12-15	2018-12-15		
NCBI	pda|hlorenzi	SRS4142145	SAMN10510885	SSF.1	SSF.1	77133	uncultured bacterium	Handheld Microphone Handle Surface Swab 1	SRP173401	SRX5129026	SRR8316383	SRA823063	https://www.ebi.ac.uk/ena/portal/api/filereport?accession=SRS4142145&result=read_run&fields=run_accession,fastq_ftp,fastq_md5,fastq_bytes	https://www.ebi.ac.uk/ena/portal/api/filereport?accession=SRS4142145&result=read_run&fields=run_accession,submitted_ftp,submitted_md5,submitted_bytes,submitted_format	ISS Handheld Microphone Handle Surface	not collected	not collected	not applicable	not applicable	not applicable	not applicable	not applicable	not applicable	not applicable	not applicable	not applicable	not applicable	not applicable	not applicable	not applicable	electric light	not collected	not collected	not collected	not collected	typical occupied	not collected	not collected	649	1	MIGS/MIMS/MIMARKS.built	89127	44741754	2018-12-15	2018-12-15		
NCBI	pda|hlorenzi	SRS4142215	SAMN10510886	SSF.2	SSF.2	77133	uncultured bacterium	Handheld Microphone Handle Surface Swab 2	SRP173401	SRX5129095	SRR8316314	SRA823063	https://www.ebi.ac.uk/ena/portal/api/filereport?accession=SRS4142215&result=read_run&fields=run_accession,fastq_ftp,fastq_md5,fastq_bytes	https://www.ebi.ac.uk/ena/portal/api/filereport?accession=SRS4142215&result=read_run&fields=run_accession,submitted_ftp,submitted_md5,submitted_bytes,submitted_format	ISS Handheld Microphone Handle Surface	not collected	not collected	not applicable	not applicable	not applicable	not applicable	not applicable	not applicable	not applicable	not applicable	not applicable	not applicable	not applicable	not applicable	not applicable	electric light	not collected	not collected	not collected	not collected	typical occupied	not collected	not collected	650	2	MIGS/MIMS/MIMARKS.built	6150	3087300	2018-12-15	2018-12-15		
NCBI	pda|hlorenzi	SRS4142135	SAMN10510887	SSF.3	SSF.3	77133	uncultured bacterium	Handheld Microphone Handle Surface Swab 3	SRP173401	SRX5129016	SRR8316393	SRA823063	https://www.ebi.ac.uk/ena/portal/api/filereport?accession=SRS4142135&result=read_run&fields=run_accession,fastq_ftp,fastq_md5,fastq_bytes	https://www.ebi.ac.uk/ena/portal/api/filereport?accession=SRS4142135&result=read_run&fields=run_accession,submitted_ftp,submitted_md5,submitted_bytes,submitted_format	ISS Handheld Microphone Handle Surface	not collected	not collected	not applicable	not applicable	not applicable	not applicable	not applicable	not applicable	not applicable	not applicable	not applicable	not applicable	not applicable	not applicable	not applicable	electric light	not collected	not collected	not collected	not collected	typical occupied	not collected	not collected	651	3	MIGS/MIMS/MIMARKS.built	13760	6907520	2018-12-15	2018-12-15		
NCBI	pda|hlorenzi	SRS4142192	SAMN10510888	SSF.4	SSF.4	77133	uncultured bacterium	Handheld Microphone Handle Surface Swab 4	SRP173401	SRX5129073	SRR8316336	SRA823063	https://www.ebi.ac.uk/ena/portal/api/filereport?accession=SRS4142192&result=read_run&fields=run_accession,fastq_ftp,fastq_md5,fastq_bytes	https://www.ebi.ac.uk/ena/portal/api/filereport?accession=SRS4142192&result=read_run&fields=run_accession,submitted_ftp,submitted_md5,submitted_bytes,submitted_format	ISS Handheld Microphone Handle Surface	not collected	not collected	not applicable	not applicable	not applicable	not applicable	not applicable	not applicable	not applicable	not applicable	not applicable	not applicable	not applicable	not applicable	not applicable	electric light	not collected	not collected	not collected	not collected	typical occupied	not collected	not collected	652	4	MIGS/MIMS/MIMARKS.built	11391	5718282	2018-12-15	2018-12-15		
NCBI	pda|hlorenzi	SRS4142180	SAMN10510889	SSF.5	SSF.5	77133	uncultured bacterium	Handheld Microphone Handle Surface Swab 5	SRP173401	SRX5129061	SRR8316348	SRA823063	https://www.ebi.ac.uk/ena/portal/api/filereport?accession=SRS4142180&result=read_run&fields=run_accession,fastq_ftp,fastq_md5,fastq_bytes	https://www.ebi.ac.uk/ena/portal/api/filereport?accession=SRS4142180&result=read_run&fields=run_accession,submitted_ftp,submitted_md5,submitted_bytes,submitted_format	ISS Handheld Microphone Handle Surface	not collected	not collected	not applicable	not applicable	not applicable	not applicable	not applicable	not applicable	not applicable	not applicable	not applicable	not applicable	not applicable	not applicable	not applicable	electric light	not collected	not collected	not collected	not collected	typical occupied	not collected	not collected	653	5	MIGS/MIMS/MIMARKS.built	17035	8551570	2018-12-15	2018-12-15		
NCBI	pda|hlorenzi	SRS4142139	SAMN10510890	SSF.6	SSF.6	77133	uncultured bacterium	Handheld Microphone Handle Surface Swab 6	SRP173401	SRX5129020	SRR8316389	SRA823063	https://www.ebi.ac.uk/ena/portal/api/filereport?accession=SRS4142139&result=read_run&fields=run_accession,fastq_ftp,fastq_md5,fastq_bytes	https://www.ebi.ac.uk/ena/portal/api/filereport?accession=SRS4142139&result=read_run&fields=run_accession,submitted_ftp,submitted_md5,submitted_bytes,submitted_format	ISS Handheld Microphone Handle Surface	not collected	not collected	not applicable	not applicable	not applicable	not applicable	not applicable	not applicable	not applicable	not applicable	not applicable	not applicable	not applicable	not applicable	not applicable	electric light	not collected	not collected	not collected	not collected	typical occupied	not collected	not collected	654	6	MIGS/MIMS/MIMARKS.built	10065	5052630	2018-12-15	2018-12-15		
NCBI	pda|hlorenzi	SRS4142141	SAMN10510891	SSF.7	SSF.7	77133	uncultured bacterium	Handheld Microphone Handle Surface Swab 7	SRP173401	SRX5129022	SRR8316387	SRA823063	https://www.ebi.ac.uk/ena/portal/api/filereport?accession=SRS4142141&result=read_run&fields=run_accession,fastq_ftp,fastq_md5,fastq_bytes	https://www.ebi.ac.uk/ena/portal/api/filereport?accession=SRS4142141&result=read_run&fields=run_accession,submitted_ftp,submitted_md5,submitted_bytes,submitted_format	ISS Handheld Microphone Handle Surface	not collected	not collected	not applicable	not applicable	not applicable	not applicable	not applicable	not applicable	not applicable	not applicable	not applicable	not applicable	not applicable	not applicable	not applicable	electric light	not collected	not collected	not collected	not collected	typical occupied	not collected	not collected	655	7	MIGS/MIMS/MIMARKS.built	18074	9073148	2018-12-15	2018-12-15		
NCBI	pda|hlorenzi	SRS4142136	SAMN10510892	SSF.8	SSF.8	77133	uncultured bacterium	Handheld Microphone Handle Surface Swab 8	SRP173401	SRX5129017	SRR8316392	SRA823063	https://www.ebi.ac.uk/ena/portal/api/filereport?accession=SRS4142136&result=read_run&fields=run_accession,fastq_ftp,fastq_md5,fastq_bytes	https://www.ebi.ac.uk/ena/portal/api/filereport?accession=SRS4142136&result=read_run&fields=run_accession,submitted_ftp,submitted_md5,submitted_bytes,submitted_format	ISS Handheld Microphone Handle Surface	not collected	not collected	not applicable	not applicable	not applicable	not applicable	not applicable	not applicable	not applicable	not applicable	not applicable	not applicable	not applicable	not applicable	not applicable	electric light	not collected	not collected	not collected	not collected	typical occupied	not collected	not collected	656	8	MIGS/MIMS/MIMARKS.built	11517	5781534	2018-12-15	2018-12-15		
NCBI	pda|hlorenzi	SRS4142137	SAMN10510893	SSF.9	SSF.9	77133	uncultured bacterium	Handheld Microphone Handle Surface Swab 9	SRP173401	SRX5129018	SRR8316391	SRA823063	https://www.ebi.ac.uk/ena/portal/api/filereport?accession=SRS4142137&result=read_run&fields=run_accession,fastq_ftp,fastq_md5,fastq_bytes	https://www.ebi.ac.uk/ena/portal/api/filereport?accession=SRS4142137&result=read_run&fields=run_accession,submitted_ftp,submitted_md5,submitted_bytes,submitted_format	ISS Handheld Microphone Handle Surface	not collected	not collected	not applicable	not applicable	not applicable	not applicable	not applicable	not applicable	not applicable	not applicable	not applicable	not applicable	not applicable	not applicable	not applicable	electric light	not collected	not collected	not collected	not collected	typical occupied	not collected	not collected	657	9	MIGS/MIMS/MIMARKS.built	20927	10505354	2018-12-15	2018-12-15		
NCBI	pda|hlorenzi	SRS4142191	SAMN10510895	SSA.11	SSA.11	77133	uncultured bacterium	ARED Handle Bar Surface Swab 11	SRP173401	SRX5129072	SRR8316337	SRA823063	https://www.ebi.ac.uk/ena/portal/api/filereport?accession=SRS4142191&result=read_run&fields=run_accession,fastq_ftp,fastq_md5,fastq_bytes	https://www.ebi.ac.uk/ena/portal/api/filereport?accession=SRS4142191&result=read_run&fields=run_accession,submitted_ftp,submitted_md5,submitted_bytes,submitted_format	ISS ARED Handle Bar Surface	not collected	not collected	not applicable	not applicable	not applicable	not applicable	not applicable	not applicable	not applicable	not applicable	not applicable	not applicable	not applicable	not applicable	not applicable	electric light	not collected	not collected	not collected	not collected	typical occupied	not collected	not collected	659	11	MIGS/MIMS/MIMARKS.built	48787	24491074	2018-12-15	2018-12-15		
NCBI	pda|hlorenzi	SRS4142144	SAMN10510896	SSA.12	SSA.12	77133	uncultured bacterium	ARED Handle Bar Surface Swab 12	SRP173401	SRX5129025	SRR8316384	SRA823063	https://www.ebi.ac.uk/ena/portal/api/filereport?accession=SRS4142144&result=read_run&fields=run_accession,fastq_ftp,fastq_md5,fastq_bytes	https://www.ebi.ac.uk/ena/portal/api/filereport?accession=SRS4142144&result=read_run&fields=run_accession,submitted_ftp,submitted_md5,submitted_bytes,submitted_format	ISS ARED Handle Bar Surface	not collected	not collected	not applicable	not applicable	not applicable	not applicable	not applicable	not applicable	not applicable	not applicable	not applicable	not applicable	not applicable	not applicable	not applicable	electric light	not collected	not collected	not collected	not collected	typical occupied	not collected	not collected	660	12	MIGS/MIMS/MIMARKS.built	19269	9673038	2018-12-15	2018-12-15		
NCBI	pda|hlorenzi	SRS4142152	SAMN10510897	SSA.13	SSA.13	77133	uncultured bacterium	ARED Handle Bar Surface Swab 13	SRP173401	SRX5129033	SRR8316376	SRA823063	https://www.ebi.ac.uk/ena/portal/api/filereport?accession=SRS4142152&result=read_run&fields=run_accession,fastq_ftp,fastq_md5,fastq_bytes	https://www.ebi.ac.uk/ena/portal/api/filereport?accession=SRS4142152&result=read_run&fields=run_accession,submitted_ftp,submitted_md5,submitted_bytes,submitted_format	ISS ARED Handle Bar Surface	not collected	not collected	not applicable	not applicable	not applicable	not applicable	not applicable	not applicable	not applicable	not applicable	not applicable	not applicable	not applicable	not applicable	not applicable	electric light	not collected	not collected	not collected	not collected	typical occupied	not collected	not collected	661	13	MIGS/MIMS/MIMARKS.built	11706	5876412	2018-12-15	2018-12-15		
NCBI	pda|hlorenzi	SRS4142151	SAMN10510898	SSA.14	SSA.14	77133	uncultured bacterium	ARED Handle Bar Surface Swab 14	SRP173401	SRX5129032	SRR8316377	SRA823063	https://www.ebi.ac.uk/ena/portal/api/filereport?accession=SRS4142151&result=read_run&fields=run_accession,fastq_ftp,fastq_md5,fastq_bytes	https://www.ebi.ac.uk/ena/portal/api/filereport?accession=SRS4142151&result=read_run&fields=run_accession,submitted_ftp,submitted_md5,submitted_bytes,submitted_format	ISS ARED Handle Bar Surface	not collected	not collected	not applicable	not applicable	not applicable	not applicable	not applicable	not applicable	not applicable	not applicable	not applicable	not applicable	not applicable	not applicable	not applicable	electric light	not collected	not collected	not collected	not collected	typical occupied	not collected	not collected	662	14	MIGS/MIMS/MIMARKS.built	8754	4394508	2018-12-15	2018-12-15		
NCBI	pda|hlorenzi	SRS4142150	SAMN10510899	SSB.11	SSB.11	77133	uncultured bacterium	Intermodular Ventilation (IVM) Inlet -Foreward Starboard Surface Swab 11	SRP173401	SRX5129031	SRR8316378	SRA823063	https://www.ebi.ac.uk/ena/portal/api/filereport?accession=SRS4142150&result=read_run&fields=run_accession,fastq_ftp,fastq_md5,fastq_bytes	https://www.ebi.ac.uk/ena/portal/api/filereport?accession=SRS4142150&result=read_run&fields=run_accession,submitted_ftp,submitted_md5,submitted_bytes,submitted_format	ISS Intermodular Ventilation (IVM) Inlet -Foreward Starboard Surface	not collected	not collected	not applicable	not applicable	not applicable	not applicable	not applicable	not applicable	not applicable	not applicable	not applicable	not applicable	not applicable	not applicable	not applicable	electric light	not collected	not collected	not collected	not collected	typical occupied	not collected	not collected	663	11	MIGS/MIMS/MIMARKS.built	30915	15519330	2018-12-15	2018-12-15		
NCBI	pda|hlorenzi	SRS4142149	SAMN10510900	SSB.12	SSB.12	77133	uncultured bacterium	Intermodular Ventilation (IVM) Inlet -Foreward Starboard Surface Swab 12	SRP173401	SRX5129030	SRR8316379	SRA823063	https://www.ebi.ac.uk/ena/portal/api/filereport?accession=SRS4142149&result=read_run&fields=run_accession,fastq_ftp,fastq_md5,fastq_bytes	https://www.ebi.ac.uk/ena/portal/api/filereport?accession=SRS4142149&result=read_run&fields=run_accession,submitted_ftp,submitted_md5,submitted_bytes,submitted_format	ISS Intermodular Ventilation (IVM) Inlet -Foreward Starboard Surface	not collected	not collected	not applicable	not applicable	not applicable	not applicable	not applicable	not applicable	not applicable	not applicable	not applicable	not applicable	not applicable	not applicable	not applicable	electric light	not collected	not collected	not collected	not collected	typical occupied	not collected	not collected	664	12	MIGS/MIMS/MIMARKS.built	54446	27331892	2018-12-15	2018-12-15		
NCBI	pda|hlorenzi	SRS4142148	SAMN10510901	SSB.13	SSB.13	77133	uncultured bacterium	Intermodular Ventilation (IVM) Inlet -Foreward Starboard Surface Swab 13	SRP173401	SRX5129029	SRR8316380	SRA823063	https://www.ebi.ac.uk/ena/portal/api/filereport?accession=SRS4142148&result=read_run&fields=run_accession,fastq_ftp,fastq_md5,fastq_bytes	https://www.ebi.ac.uk/ena/portal/api/filereport?accession=SRS4142148&result=read_run&fields=run_accession,submitted_ftp,submitted_md5,submitted_bytes,submitted_format	ISS Intermodular Ventilation (IVM) Inlet -Foreward Starboard Surface	not collected	not collected	not applicable	not applicable	not applicable	not applicable	not applicable	not applicable	not applicable	not applicable	not applicable	not applicable	not applicable	not applicable	not applicable	electric light	not collected	not collected	not collected	not collected	typical occupied	not collected	not collected	665	13	MIGS/MIMS/MIMARKS.built	12169	6108838	2018-12-15	2018-12-15		
NCBI	pda|hlorenzi	SRS4142147	SAMN10510902	SSB.14	SSB.14	77133	uncultured bacterium	Intermodular Ventilation (IVM) Inlet -Foreward Starboard Surface Swab 14	SRP173401	SRX5129028	SRR8316381	SRA823063	https://www.ebi.ac.uk/ena/portal/api/filereport?accession=SRS4142147&result=read_run&fields=run_accession,fastq_ftp,fastq_md5,fastq_bytes	https://www.ebi.ac.uk/ena/portal/api/filereport?accession=SRS4142147&result=read_run&fields=run_accession,submitted_ftp,submitted_md5,submitted_bytes,submitted_format	ISS Intermodular Ventilation (IVM) Inlet -Foreward Starboard Surface	not collected	not collected	not applicable	not applicable	not applicable	not applicable	not applicable	not applicable	not applicable	not applicable	not applicable	not applicable	not applicable	not applicable	not applicable	electric light	not collected	not collected	not collected	not collected	typical occupied	not collected	not collected	666	14	MIGS/MIMS/MIMARKS.built	22627	11358754	2018-12-15	2018-12-15		
NCBI	pda|hlorenzi	SRS4142173	SAMN10510903	SSC.11	SSC.11	77133	uncultured bacterium	Cupola Nadir Window Shade Knob Surface Swab 11	SRP173401	SRX5129054	SRR8316355	SRA823063	https://www.ebi.ac.uk/ena/portal/api/filereport?accession=SRS4142173&result=read_run&fields=run_accession,fastq_ftp,fastq_md5,fastq_bytes	https://www.ebi.ac.uk/ena/portal/api/filereport?accession=SRS4142173&result=read_run&fields=run_accession,submitted_ftp,submitted_md5,submitted_bytes,submitted_format	ISS Cupola Nadir Window Shade Knob Surface	not collected	not collected	not applicable	not applicable	not applicable	not applicable	not applicable	not applicable	not applicable	not applicable	not applicable	not applicable	not applicable	not applicable	not applicable	electric light	not collected	not collected	not collected	not collected	typical occupied	not collected	not collected	667	11	MIGS/MIMS/MIMARKS.built	12926	6488852	2018-12-15	2018-12-15		
NCBI	pda|hlorenzi	SRS4142171	SAMN10510904	SSC.12	SSC.12	77133	uncultured bacterium	Cupola Nadir Window Shade Knob Surface Swab 12	SRP173401	SRX5129052	SRR8316357	SRA823063	https://www.ebi.ac.uk/ena/portal/api/filereport?accession=SRS4142171&result=read_run&fields=run_accession,fastq_ftp,fastq_md5,fastq_bytes	https://www.ebi.ac.uk/ena/portal/api/filereport?accession=SRS4142171&result=read_run&fields=run_accession,submitted_ftp,submitted_md5,submitted_bytes,submitted_format	ISS Cupola Nadir Window Shade Knob Surface	not collected	not collected	not applicable	not applicable	not applicable	not applicable	not applicable	not applicable	not applicable	not applicable	not applicable	not applicable	not applicable	not applicable	not applicable	electric light	not collected	not collected	not collected	not collected	typical occupied	not collected	not collected	668	12	MIGS/MIMS/MIMARKS.built	27911	14011322	2018-12-15	2018-12-15		
NCBI	pda|hlorenzi	SRS4142140	SAMN10510905	SSC.13	SSC.13	77133	uncultured bacterium	Cupola Nadir Window Shade Knob Surface Swab 13	SRP173401	SRX5129021	SRR8316388	SRA823063	https://www.ebi.ac.uk/ena/portal/api/filereport?accession=SRS4142140&result=read_run&fields=run_accession,fastq_ftp,fastq_md5,fastq_bytes	https://www.ebi.ac.uk/ena/portal/api/filereport?accession=SRS4142140&result=read_run&fields=run_accession,submitted_ftp,submitted_md5,submitted_bytes,submitted_format	ISS Cupola Nadir Window Shade Knob Surface	not collected	not collected	not applicable	not applicable	not applicable	not applicable	not applicable	not applicable	not applicable	not applicable	not applicable	not applicable	not applicable	not applicable	not applicable	electric light	not collected	not collected	not collected	not collected	typical occupied	not collected	not collected	669	13	MIGS/MIMS/MIMARKS.built	19665	9871830	2018-12-15	2018-12-15		
NCBI	pda|hlorenzi	SRS4142213	SAMN10510906	SSC.14	SSC.14	77133	uncultured bacterium	Cupola Nadir Window Shade Knob Surface Swab 14	SRP173401	SRX5129094	SRR8316315	SRA823063	https://www.ebi.ac.uk/ena/portal/api/filereport?accession=SRS4142213&result=read_run&fields=run_accession,fastq_ftp,fastq_md5,fastq_bytes	https://www.ebi.ac.uk/ena/portal/api/filereport?accession=SRS4142213&result=read_run&fields=run_accession,submitted_ftp,submitted_md5,submitted_bytes,submitted_format	ISS Cupola Nadir Window Shade Knob Surface	not collected	not collected	not applicable	not applicable	not applicable	not applicable	not applicable	not applicable	not applicable	not applicable	not applicable	not applicable	not applicable	not applicable	not applicable	electric light	not collected	not collected	not collected	not collected	typical occupied	not collected	not collected	670	14	MIGS/MIMS/MIMARKS.built	10094	5067188	2018-12-15	2018-12-15		
NCBI	pda|hlorenzi	SRS4142189	SAMN10510907	SSD.11	SSD.11	77133	uncultured bacterium	Crew Quarters Stationary Light Knob Surface Swab 11	SRP173401	SRX5129070	SRR8316339	SRA823063	https://www.ebi.ac.uk/ena/portal/api/filereport?accession=SRS4142189&result=read_run&fields=run_accession,fastq_ftp,fastq_md5,fastq_bytes	https://www.ebi.ac.uk/ena/portal/api/filereport?accession=SRS4142189&result=read_run&fields=run_accession,submitted_ftp,submitted_md5,submitted_bytes,submitted_format	ISS Crew Quarters Stationary Light Knob Surface	not collected	not collected	not applicable	not applicable	not applicable	not applicable	not applicable	not applicable	not applicable	not applicable	not applicable	not applicable	not applicable	not applicable	not applicable	electric light	not collected	not collected	not collected	not collected	typical occupied	not collected	not collected	671	11	MIGS/MIMS/MIMARKS.built	26062	13083124	2018-12-15	2018-12-15		
NCBI	pda|hlorenzi	SRS4142190	SAMN10510908	SSD.12	SSD.12	77133	uncultured bacterium	Crew Quarters Stationary Light Knob Surface Swab 12	SRP173401	SRX5129071	SRR8316338	SRA823063	https://www.ebi.ac.uk/ena/portal/api/filereport?accession=SRS4142190&result=read_run&fields=run_accession,fastq_ftp,fastq_md5,fastq_bytes	https://www.ebi.ac.uk/ena/portal/api/filereport?accession=SRS4142190&result=read_run&fields=run_accession,submitted_ftp,submitted_md5,submitted_bytes,submitted_format	ISS Crew Quarters Stationary Light Knob Surface	not collected	not collected	not applicable	not applicable	not applicable	not applicable	not applicable	not applicable	not applicable	not applicable	not applicable	not applicable	not applicable	not applicable	not applicable	electric light	not collected	not collected	not collected	not collected	typical occupied	not collected	not collected	672	12	MIGS/MIMS/MIMARKS.built	47922	24056844	2018-12-15	2018-12-15		
NCBI	pda|hlorenzi	SRS4142176	SAMN10510909	SSD.13	SSD.13	77133	uncultured bacterium	Crew Quarters Stationary Light Knob Surface Swab 13	SRP173401	SRX5129056	SRR8316353	SRA823063	https://www.ebi.ac.uk/ena/portal/api/filereport?accession=SRS4142176&result=read_run&fields=run_accession,fastq_ftp,fastq_md5,fastq_bytes	https://www.ebi.ac.uk/ena/portal/api/filereport?accession=SRS4142176&result=read_run&fields=run_accession,submitted_ftp,submitted_md5,submitted_bytes,submitted_format	ISS Crew Quarters Stationary Light Knob Surface	not collected	not collected	not applicable	not applicable	not applicable	not applicable	not applicable	not applicable	not applicable	not applicable	not applicable	not applicable	not applicable	not applicable	not applicable	electric light	not collected	not collected	not collected	not collected	typical occupied	not collected	not collected	673	13	MIGS/MIMS/MIMARKS.built	29596	14857192	2018-12-15	2018-12-15		
NCBI	pda|hlorenzi	SRS4142172	SAMN10510910	SSD.14	SSD.14	77133	uncultured bacterium	Crew Quarters Stationary Light Knob Surface Swab 14	SRP173401	SRX5129053	SRR8316356	SRA823063	https://www.ebi.ac.uk/ena/portal/api/filereport?accession=SRS4142172&result=read_run&fields=run_accession,fastq_ftp,fastq_md5,fastq_bytes	https://www.ebi.ac.uk/ena/portal/api/filereport?accession=SRS4142172&result=read_run&fields=run_accession,submitted_ftp,submitted_md5,submitted_bytes,submitted_format	ISS Crew Quarters Stationary Light Knob Surface	not collected	not collected	not applicable	not applicable	not applicable	not applicable	not applicable	not applicable	not applicable	not applicable	not applicable	not applicable	not applicable	not applicable	not applicable	electric light	not collected	not collected	not collected	not collected	typical occupied	not collected	not collected	674	14	MIGS/MIMS/MIMARKS.built	28584	14349168	2018-12-15	2018-12-15		
NCBI	pda|hlorenzi	SRS4142185	SAMN10510911	SSE.11	SSE.11	77133	uncultured bacterium	Smoke Detector Surface Swab 11	SRP173401	SRX5129066	SRR8316343	SRA823063	https://www.ebi.ac.uk/ena/portal/api/filereport?accession=SRS4142185&result=read_run&fields=run_accession,fastq_ftp,fastq_md5,fastq_bytes	https://www.ebi.ac.uk/ena/portal/api/filereport?accession=SRS4142185&result=read_run&fields=run_accession,submitted_ftp,submitted_md5,submitted_bytes,submitted_format	ISS Smoke Detector Surface	not collected	not collected	not applicable	not applicable	not applicable	not applicable	not applicable	not applicable	not applicable	not applicable	not applicable	not applicable	not applicable	not applicable	not applicable	electric light	not collected	not collected	not collected	not collected	typical occupied	not collected	not collected	675	11	MIGS/MIMS/MIMARKS.built	22676	11383352	2018-12-15	2018-12-15		
NCBI	pda|hlorenzi	SRS4142188	SAMN10510912	SSE.12	SSE.12	77133	uncultured bacterium	Smoke Detector Surface Swab 12	SRP173401	SRX5129069	SRR8316340	SRA823063	https://www.ebi.ac.uk/ena/portal/api/filereport?accession=SRS4142188&result=read_run&fields=run_accession,fastq_ftp,fastq_md5,fastq_bytes	https://www.ebi.ac.uk/ena/portal/api/filereport?accession=SRS4142188&result=read_run&fields=run_accession,submitted_ftp,submitted_md5,submitted_bytes,submitted_format	ISS Smoke Detector Surface	not collected	not collected	not applicable	not applicable	not applicable	not applicable	not applicable	not applicable	not applicable	not applicable	not applicable	not applicable	not applicable	not applicable	not applicable	electric light	not collected	not collected	not collected	not collected	typical occupied	not collected	not collected	676	12	MIGS/MIMS/MIMARKS.built	32906	16518812	2018-12-15	2018-12-15		
NCBI	pda|hlorenzi	SRS4142142	SAMN10510913	SSE.13	SSE.13	77133	uncultured bacterium	Smoke Detector Surface Swab 13	SRP173401	SRX5129024	SRR8316385	SRA823063	https://www.ebi.ac.uk/ena/portal/api/filereport?accession=SRS4142142&result=read_run&fields=run_accession,fastq_ftp,fastq_md5,fastq_bytes	https://www.ebi.ac.uk/ena/portal/api/filereport?accession=SRS4142142&result=read_run&fields=run_accession,submitted_ftp,submitted_md5,submitted_bytes,submitted_format	ISS Smoke Detector Surface	not collected	not collected	not applicable	not applicable	not applicable	not applicable	not applicable	not applicable	not applicable	not applicable	not applicable	not applicable	not applicable	not applicable	not applicable	electric light	not collected	not collected	not collected	not collected	typical occupied	not collected	not collected	677	13	MIGS/MIMS/MIMARKS.built	33555	16844610	2018-12-15	2018-12-15		
NCBI	pda|hlorenzi	SRS4142197	SAMN10510914	SSE.14	SSE.14	77133	uncultured bacterium	Smoke Detector Surface Swab 14	SRP173401	SRX5129077	SRR8316332	SRA823063	https://www.ebi.ac.uk/ena/portal/api/filereport?accession=SRS4142197&result=read_run&fields=run_accession,fastq_ftp,fastq_md5,fastq_bytes	https://www.ebi.ac.uk/ena/portal/api/filereport?accession=SRS4142197&result=read_run&fields=run_accession,submitted_ftp,submitted_md5,submitted_bytes,submitted_format	ISS Smoke Detector Surface	not collected	not collected	not applicable	not applicable	not applicable	not applicable	not applicable	not applicable	not applicable	not applicable	not applicable	not applicable	not applicable	not applicable	not applicable	electric light	not collected	not collected	not collected	not collected	typical occupied	not collected	not collected	678	14	MIGS/MIMS/MIMARKS.built	22908	11499816	2018-12-15	2018-12-15		
NCBI	pda|hlorenzi	SRS4142143	SAMN10510915	SSF.11	SSF.11	77133	uncultured bacterium	Handheld Microphone Handle Surface Swab 11	SRP173401	SRX5129023	SRR8316386	SRA823063	https://www.ebi.ac.uk/ena/portal/api/filereport?accession=SRS4142143&result=read_run&fields=run_accession,fastq_ftp,fastq_md5,fastq_bytes	https://www.ebi.ac.uk/ena/portal/api/filereport?accession=SRS4142143&result=read_run&fields=run_accession,submitted_ftp,submitted_md5,submitted_bytes,submitted_format	ISS Handheld Microphone Handle Surface	not collected	not collected	not applicable	not applicable	not applicable	not applicable	not applicable	not applicable	not applicable	not applicable	not applicable	not applicable	not applicable	not applicable	not applicable	electric light	not collected	not collected	not collected	not collected	typical occupied	not collected	not collected	679	11	MIGS/MIMS/MIMARKS.built	14064	7060128	2018-12-15	2018-12-15		
NCBI	pda|hlorenzi	SRS4142187	SAMN10510916	SSF.12	SSF.12	77133	uncultured bacterium	Handheld Microphone Handle Surface Swab 12	SRP173401	SRX5129068	SRR8316341	SRA823063	https://www.ebi.ac.uk/ena/portal/api/filereport?accession=SRS4142187&result=read_run&fields=run_accession,fastq_ftp,fastq_md5,fastq_bytes	https://www.ebi.ac.uk/ena/portal/api/filereport?accession=SRS4142187&result=read_run&fields=run_accession,submitted_ftp,submitted_md5,submitted_bytes,submitted_format	ISS Handheld Microphone Handle Surface	not collected	not collected	not applicable	not applicable	not applicable	not applicable	not applicable	not applicable	not applicable	not applicable	not applicable	not applicable	not applicable	not applicable	not applicable	electric light	not collected	not collected	not collected	not collected	typical occupied	not collected	not collected	680	12	MIGS/MIMS/MIMARKS.built	57941	29086382	2018-12-15	2018-12-15		
NCBI	pda|hlorenzi	SRS4142175	SAMN10510917	SSF.13	SSF.13	77133	uncultured bacterium	Handheld Microphone Handle Surface Swab 13	SRP173401	SRX5129057	SRR8316352	SRA823063	https://www.ebi.ac.uk/ena/portal/api/filereport?accession=SRS4142175&result=read_run&fields=run_accession,fastq_ftp,fastq_md5,fastq_bytes	https://www.ebi.ac.uk/ena/portal/api/filereport?accession=SRS4142175&result=read_run&fields=run_accession,submitted_ftp,submitted_md5,submitted_bytes,submitted_format	ISS Handheld Microphone Handle Surface	not collected	not collected	not applicable	not applicable	not applicable	not applicable	not applicable	not applicable	not applicable	not applicable	not applicable	not applicable	not applicable	not applicable	not applicable	electric light	not collected	not collected	not collected	not collected	typical occupied	not collected	not collected	681	13	MIGS/MIMS/MIMARKS.built	25068	12584136	2018-12-15	2018-12-15		
NCBI	pda|hlorenzi	SRS4142174	SAMN10510918	SSF.14	SSF.14	77133	uncultured bacterium	Handheld Microphone Handle Surface Swab 14	SRP173401	SRX5129055	SRR8316354	SRA823063	https://www.ebi.ac.uk/ena/portal/api/filereport?accession=SRS4142174&result=read_run&fields=run_accession,fastq_ftp,fastq_md5,fastq_bytes	https://www.ebi.ac.uk/ena/portal/api/filereport?accession=SRS4142174&result=read_run&fields=run_accession,submitted_ftp,submitted_md5,submitted_bytes,submitted_format	ISS Handheld Microphone Handle Surface	not collected	not collected	not applicable	not applicable	not applicable	not applicable	not applicable	not applicable	not applicable	not applicable	not applicable	not applicable	not applicable	not applicable	not applicable	electric light	not collected	not collected	not collected	not collected	typical occupied	not collected	not collected	682	14	MIGS/MIMS/MIMARKS.built	29019	14567538	2018-12-15	2018-12-15		
NCBI	pda|hlorenzi	SRS4142181	SAMN10510942	W.14	MIMARKS Specimen sample from uncultured bacterium	77133	uncultured bacterium	Water sample AW.14 from ISS	SRP173401	SRX5129062	SRR8316347	SRA823063	https://www.ebi.ac.uk/ena/portal/api/filereport?accession=SRS4142181&result=read_run&fields=run_accession,fastq_ftp,fastq_md5,fastq_bytes	https://www.ebi.ac.uk/ena/portal/api/filereport?accession=SRS4142181&result=read_run&fields=run_accession,submitted_ftp,submitted_md5,submitted_bytes,submitted_format	ISS water tank	not collected	not collected	not collected	not collected	not collected	not applicable	not applicable	not applicable	not applicable	not collected	not applicable	not collected	not collected	not applicable	not applicable	electric light	not collected	not collected	not collected	not collected	typical occupied	not collected	not collected			MIGS/MIMS/MIMARKS.built	13071	6561642	2018-12-15	2018-12-15	not applicable	14
