study_accession	secondary_study_accession	sample_accession	secondary_sample_accession	experiment_accession	run_accession	submission_accession	tax_id	scientific_name	instrument_platform	instrument_model	library_name	nominal_length	library_layout	library_strategy	library_source	library_selection	read_count	base_count	center_name	first_public	last_updated	experiment_title	study_title	study_alias	experiment_alias	run_alias	fastq_bytes	fastq_md5	fastq_ftp	fastq_aspera	fastq_galaxy	submitted_bytes	submitted_md5	submitted_ftp	submitted_aspera	submitted_galaxy	submitted_format	sra_bytes	sra_md5	sra_ftp	sra_aspera	sra_galaxy	cram_index_ftp	cram_index_aspera	cram_index_galaxy	sample_alias	broker_name	sample_title	nominal_sdev	first_created
PRJNA49161	SRP005042	SAMN00189192	SRS150874	SRX036814	SRR088933	SRA027921	765065	Cutibacterium acnes HL020PA1	ILLUMINA	Illumina Genome Analyzer II	2,86E+09	260	PAIRED	WGS	GENOMIC	RANDOM	3424543	6,64E+08	WUGSC	########	########	Illumina Genome Analyzer II paired end sequencing	Demonstration Project Reference Genome for Human Microbiome Project	71262	71264	71265	292387646;285376922	18a18a392eb9954783a49c7b00bf9f7e;37a0d7959568182fca3cefd1938feb13	ftp.sra.ebi.ac.uk/vol1/fastq/SRR088/SRR088933/SRR088933_1.fastq.gz;ftp.sra.ebi.ac.uk/vol1/fastq/SRR088/SRR088933/SRR088933_2.fastq.gz	fasp.sra.ebi.ac.uk:/vol1/fastq/SRR088/SRR088933/SRR088933_1.fastq.gz;fasp.sra.ebi.ac.uk:/vol1/fastq/SRR088/SRR088933/SRR088933_2.fastq.gz	ftp.sra.ebi.ac.uk/vol1/fastq/SRR088/SRR088933/SRR088933_1.fastq.gz;ftp.sra.ebi.ac.uk/vol1/fastq/SRR088/SRR088933/SRR088933_2.fastq.gz							4,27E+08	346a52de65d3f4e1717f6cc84ca70c2c	ftp.sra.ebi.ac.uk/vol1/srr/SRR088/SRR088933	fasp.sra.ebi.ac.uk:/vol1/srr/SRR088/SRR088933	ftp.sra.ebi.ac.uk/vol1/srr/SRR088/SRR088933				71227		MIGS Cultured Bacterial/Archaeal sample from Propionibacterium acnes HL002PA2	0	########
PRJNA49161	SRP005042	SAMN00189197	SRS150879	SRX036814	SRR088933	SRA027921	765065	Cutibacterium acnes HL020PA1	ILLUMINA	Illumina Genome Analyzer II	2,86E+09	260	PAIRED	WGS	GENOMIC	RANDOM	3424543	6,64E+08	WUGSC	########	########	Illumina Genome Analyzer II paired end sequencing	Demonstration Project Reference Genome for Human Microbiome Project	71262	71264	71265	292387646;285376922	18a18a392eb9954783a49c7b00bf9f7e;37a0d7959568182fca3cefd1938feb13	ftp.sra.ebi.ac.uk/vol1/fastq/SRR088/SRR088933/SRR088933_1.fastq.gz;ftp.sra.ebi.ac.uk/vol1/fastq/SRR088/SRR088933/SRR088933_2.fastq.gz	fasp.sra.ebi.ac.uk:/vol1/fastq/SRR088/SRR088933/SRR088933_1.fastq.gz;fasp.sra.ebi.ac.uk:/vol1/fastq/SRR088/SRR088933/SRR088933_2.fastq.gz	ftp.sra.ebi.ac.uk/vol1/fastq/SRR088/SRR088933/SRR088933_1.fastq.gz;ftp.sra.ebi.ac.uk/vol1/fastq/SRR088/SRR088933/SRR088933_2.fastq.gz							4,27E+08	346a52de65d3f4e1717f6cc84ca70c2c	ftp.sra.ebi.ac.uk/vol1/srr/SRR088/SRR088933	fasp.sra.ebi.ac.uk:/vol1/srr/SRR088/SRR088933	ftp.sra.ebi.ac.uk/vol1/srr/SRR088/SRR088933				71247		MIGS Cultured Bacterial/Archaeal sample from Propionibacterium acnes HL005PA4	0	########
PRJNA49161	SRP005042	SAMN00189200	SRS150882	SRX036814	SRR088933	SRA027921	765065	Cutibacterium acnes HL020PA1	ILLUMINA	Illumina Genome Analyzer II	2,86E+09	260	PAIRED	WGS	GENOMIC	RANDOM	3424543	6,64E+08	WUGSC	########	########	Illumina Genome Analyzer II paired end sequencing	Demonstration Project Reference Genome for Human Microbiome Project	71262	71264	71265	292387646;285376922	18a18a392eb9954783a49c7b00bf9f7e;37a0d7959568182fca3cefd1938feb13	ftp.sra.ebi.ac.uk/vol1/fastq/SRR088/SRR088933/SRR088933_1.fastq.gz;ftp.sra.ebi.ac.uk/vol1/fastq/SRR088/SRR088933/SRR088933_2.fastq.gz	fasp.sra.ebi.ac.uk:/vol1/fastq/SRR088/SRR088933/SRR088933_1.fastq.gz;fasp.sra.ebi.ac.uk:/vol1/fastq/SRR088/SRR088933/SRR088933_2.fastq.gz	ftp.sra.ebi.ac.uk/vol1/fastq/SRR088/SRR088933/SRR088933_1.fastq.gz;ftp.sra.ebi.ac.uk/vol1/fastq/SRR088/SRR088933/SRR088933_2.fastq.gz							4,27E+08	346a52de65d3f4e1717f6cc84ca70c2c	ftp.sra.ebi.ac.uk/vol1/srr/SRR088/SRR088933	fasp.sra.ebi.ac.uk:/vol1/srr/SRR088/SRR088933	ftp.sra.ebi.ac.uk/vol1/srr/SRR088/SRR088933				71259		MIGS Cultured Bacterial/Archaeal sample from Propionibacterium acnes HL013PA2	0	########
PRJNA49161	SRP005042	SAMN00189190	SRS150872	SRX036814	SRR088933	SRA027921	765065	Cutibacterium acnes HL020PA1	ILLUMINA	Illumina Genome Analyzer II	2,86E+09	260	PAIRED	WGS	GENOMIC	RANDOM	3424543	6,64E+08	WUGSC	########	########	Illumina Genome Analyzer II paired end sequencing	Demonstration Project Reference Genome for Human Microbiome Project	71262	71264	71265	292387646;285376922	18a18a392eb9954783a49c7b00bf9f7e;37a0d7959568182fca3cefd1938feb13	ftp.sra.ebi.ac.uk/vol1/fastq/SRR088/SRR088933/SRR088933_1.fastq.gz;ftp.sra.ebi.ac.uk/vol1/fastq/SRR088/SRR088933/SRR088933_2.fastq.gz	fasp.sra.ebi.ac.uk:/vol1/fastq/SRR088/SRR088933/SRR088933_1.fastq.gz;fasp.sra.ebi.ac.uk:/vol1/fastq/SRR088/SRR088933/SRR088933_2.fastq.gz	ftp.sra.ebi.ac.uk/vol1/fastq/SRR088/SRR088933/SRR088933_1.fastq.gz;ftp.sra.ebi.ac.uk/vol1/fastq/SRR088/SRR088933/SRR088933_2.fastq.gz							4,27E+08	346a52de65d3f4e1717f6cc84ca70c2c	ftp.sra.ebi.ac.uk/vol1/srr/SRR088/SRR088933	fasp.sra.ebi.ac.uk:/vol1/srr/SRR088/SRR088933	ftp.sra.ebi.ac.uk/vol1/srr/SRR088/SRR088933				71219		MIGS Cultured Bacterial/Archaeal sample from Propionibacterium acnes HL001PA1	0	########
PRJNA49161	SRP005042	SAMN00189194	SRS150876	SRX036814	SRR088933	SRA027921	765065	Cutibacterium acnes HL020PA1	ILLUMINA	Illumina Genome Analyzer II	2,86E+09	260	PAIRED	WGS	GENOMIC	RANDOM	3424543	6,64E+08	WUGSC	########	########	Illumina Genome Analyzer II paired end sequencing	Demonstration Project Reference Genome for Human Microbiome Project	71262	71264	71265	292387646;285376922	18a18a392eb9954783a49c7b00bf9f7e;37a0d7959568182fca3cefd1938feb13	ftp.sra.ebi.ac.uk/vol1/fastq/SRR088/SRR088933/SRR088933_1.fastq.gz;ftp.sra.ebi.ac.uk/vol1/fastq/SRR088/SRR088933/SRR088933_2.fastq.gz	fasp.sra.ebi.ac.uk:/vol1/fastq/SRR088/SRR088933/SRR088933_1.fastq.gz;fasp.sra.ebi.ac.uk:/vol1/fastq/SRR088/SRR088933/SRR088933_2.fastq.gz	ftp.sra.ebi.ac.uk/vol1/fastq/SRR088/SRR088933/SRR088933_1.fastq.gz;ftp.sra.ebi.ac.uk/vol1/fastq/SRR088/SRR088933/SRR088933_2.fastq.gz							4,27E+08	346a52de65d3f4e1717f6cc84ca70c2c	ftp.sra.ebi.ac.uk/vol1/srr/SRR088/SRR088933	fasp.sra.ebi.ac.uk:/vol1/srr/SRR088/SRR088933	ftp.sra.ebi.ac.uk/vol1/srr/SRR088/SRR088933				71235		MIGS Cultured Bacterial/Archaeal sample from Propionibacterium acnes HL005PA1	0	########
PRJNA49161	SRP005042	SAMN00189201	SRS150883	SRX036814	SRR088933	SRA027921	765065	Cutibacterium acnes HL020PA1	ILLUMINA	Illumina Genome Analyzer II	2,86E+09	260	PAIRED	WGS	GENOMIC	RANDOM	3424543	6,64E+08	WUGSC	########	########	Illumina Genome Analyzer II paired end sequencing	Demonstration Project Reference Genome for Human Microbiome Project	71262	71264	71265	292387646;285376922	18a18a392eb9954783a49c7b00bf9f7e;37a0d7959568182fca3cefd1938feb13	ftp.sra.ebi.ac.uk/vol1/fastq/SRR088/SRR088933/SRR088933_1.fastq.gz;ftp.sra.ebi.ac.uk/vol1/fastq/SRR088/SRR088933/SRR088933_2.fastq.gz	fasp.sra.ebi.ac.uk:/vol1/fastq/SRR088/SRR088933/SRR088933_1.fastq.gz;fasp.sra.ebi.ac.uk:/vol1/fastq/SRR088/SRR088933/SRR088933_2.fastq.gz	ftp.sra.ebi.ac.uk/vol1/fastq/SRR088/SRR088933/SRR088933_1.fastq.gz;ftp.sra.ebi.ac.uk/vol1/fastq/SRR088/SRR088933/SRR088933_2.fastq.gz							4,27E+08	346a52de65d3f4e1717f6cc84ca70c2c	ftp.sra.ebi.ac.uk/vol1/srr/SRR088/SRR088933	fasp.sra.ebi.ac.uk:/vol1/srr/SRR088/SRR088933	ftp.sra.ebi.ac.uk/vol1/srr/SRR088/SRR088933				71263		MIGS Cultured Bacterial/Archaeal sample from Propionibacterium acnes HL020PA1	0	########
PRJEB6163	ERP005635	SAMEA2474067	ERS443459	ERX454278	ERR488446	ERA302995	410661	mouse gut metagenome	LS454	unspecified	Mcec.St1.I1.C1.M3.D14.FP:42		SINGLE	POOLCLONE	METAGENOMIC	PCR			CCME-COLORADO	########	########	unspecified sequencing; qiime_experiment_1513:570368:42	xenomicrobiota_transplanted_into_germfree_mice	qiime_study_1513	qiime_experiment_1513:570368:42	Mcec.St1.I1.C1.M3.D14.FP.599584.gz_run						3823035	b8d69f0b23eda909215dcbc6c14048c6	ftp.sra.ebi.ac.uk/vol1/run/ERR488/ERR488446/Mcec.St1.I1.C1.M3.D14.FP.599584.gz	fasp.sra.ebi.ac.uk:/vol1/run/ERR488/ERR488446/Mcec.St1.I1.C1.M3.D14.FP.599584.gz	ftp.sra.ebi.ac.uk/vol1/run/ERR488/ERR488446/Mcec.St1.I1.C1.M3.D14.FP.599584.gz	FASTA									qiime_study_1513:Mcec.St1.I1.C1.M3.D14.FP		Mcec.St1.I1.C1.M3.D14.FP		########
PRJEB6163	ERP005635	SAMEA2474068	ERS443460	ERX454279	ERR488447	ERA302995	410661	mouse gut metagenome	LS454	unspecified	Zgut.St1.I5.C1.M1.D14.FP:77		SINGLE	POOLCLONE	METAGENOMIC	PCR			CCME-COLORADO	########	########	unspecified sequencing; qiime_experiment_1513:570369:77	xenomicrobiota_transplanted_into_germfree_mice	qiime_study_1513	qiime_experiment_1513:570369:77	Zgut.St1.I5.C1.M1.D14.FP.599522.gz_run						4634394	e83a1a1a4a9e2beba872e5ba90143960	ftp.sra.ebi.ac.uk/vol1/run/ERR488/ERR488447/Zgut.St1.I5.C1.M1.D14.FP.599522.gz	fasp.sra.ebi.ac.uk:/vol1/run/ERR488/ERR488447/Zgut.St1.I5.C1.M1.D14.FP.599522.gz	ftp.sra.ebi.ac.uk/vol1/run/ERR488/ERR488447/Zgut.St1.I5.C1.M1.D14.FP.599522.gz	FASTA									qiime_study_1513:Zgut.St1.I5.C1.M1.D14.FP		Zgut.St1.I5.C1.M1.D14.FP		########
PRJEB6163	ERP005635	SAMEA2474069	ERS443461	ERX454280	ERR488448	ERA302995	410661	mouse gut metagenome	LS454	unspecified	Comp.St4.I1.C2.M2.D1.FP:17		SINGLE	POOLCLONE	METAGENOMIC	PCR			CCME-COLORADO	########	########	unspecified sequencing; qiime_experiment_1513:570370:17	xenomicrobiota_transplanted_into_germfree_mice	qiime_study_1513	qiime_experiment_1513:570370:17	Comp.St4.I1.C2.M2.D1.FP.599533.gz_run						12831607	555522a19935f2c6c7bbdbc8546a4523	ftp.sra.ebi.ac.uk/vol1/run/ERR488/ERR488448/Comp.St4.I1.C2.M2.D1.FP.599533.gz	fasp.sra.ebi.ac.uk:/vol1/run/ERR488/ERR488448/Comp.St4.I1.C2.M2.D1.FP.599533.gz	ftp.sra.ebi.ac.uk/vol1/run/ERR488/ERR488448/Comp.St4.I1.C2.M2.D1.FP.599533.gz	FASTA									qiime_study_1513:Comp.St4.I1.C2.M2.D1.FP		Comp.St4.I1.C2.M2.D1.FP		########
PRJEB6163	ERP005635	SAMEA2474070	ERS443462	ERX454281	ERR488449	ERA302995	410661	mouse gut metagenome	LS454	unspecified	Comp.St3.I1.C1.M3.D21.FP:2		SINGLE	POOLCLONE	METAGENOMIC	PCR			CCME-COLORADO	########	########	unspecified sequencing; qiime_experiment_1513:570371:2	xenomicrobiota_transplanted_into_germfree_mice	qiime_study_1513	qiime_experiment_1513:570371:2	Comp.St3.I1.C1.M3.D21.FP.599568.gz_run						16979659	c8483a11427d2e4c2191d1c3ac7b3de1	ftp.sra.ebi.ac.uk/vol1/run/ERR488/ERR488449/Comp.St3.I1.C1.M3.D21.FP.599568.gz	fasp.sra.ebi.ac.uk:/vol1/run/ERR488/ERR488449/Comp.St3.I1.C1.M3.D21.FP.599568.gz	ftp.sra.ebi.ac.uk/vol1/run/ERR488/ERR488449/Comp.St3.I1.C1.M3.D21.FP.599568.gz	FASTA									qiime_study_1513:Comp.St3.I1.C1.M3.D21.FP		Comp.St3.I1.C1.M3.D21.FP		########
PRJEB6163	ERP005635	SAMEA2474071	ERS443463	ERX454282	ERR488450	ERA302995	410661	mouse gut metagenome	LS454	unspecified	Hskn.St1.I4.C1.M3.D28.Ce:33		SINGLE	POOLCLONE	METAGENOMIC	PCR			CCME-COLORADO	########	########	unspecified sequencing; qiime_experiment_1513:570372:33	xenomicrobiota_transplanted_into_germfree_mice	qiime_study_1513	qiime_experiment_1513:570372:33	Hskn.St1.I4.C1.M3.D28.Ce.599557.gz_run						6130744	b6b7212440df108d01ce4123d3dd3bf1	ftp.sra.ebi.ac.uk/vol1/run/ERR488/ERR488450/Hskn.St1.I4.C1.M3.D28.Ce.599557.gz	fasp.sra.ebi.ac.uk:/vol1/run/ERR488/ERR488450/Hskn.St1.I4.C1.M3.D28.Ce.599557.gz	ftp.sra.ebi.ac.uk/vol1/run/ERR488/ERR488450/Hskn.St1.I4.C1.M3.D28.Ce.599557.gz	FASTA									qiime_study_1513:Hskn.St1.I4.C1.M3.D28.Ce		Hskn.St1.I4.C1.M3.D28.Ce		########
PRJEB6163	ERP005635	SAMEA2474072	ERS443464	ERX454283	ERR488451	ERA302995	410661	mouse gut metagenome	LS454	unspecified	Soil.St1.I11.C1.M3.D28.Ce:60		SINGLE	POOLCLONE	METAGENOMIC	PCR			CCME-COLORADO	########	########	unspecified sequencing; qiime_experiment_1513:570373:60	xenomicrobiota_transplanted_into_germfree_mice	qiime_study_1513	qiime_experiment_1513:570373:60	Soil.St1.I11.C1.M3.D28.Ce.599596.gz_run						7280747	f04afe0d051883bc5e96bc73536a862f	ftp.sra.ebi.ac.uk/vol1/run/ERR488/ERR488451/Soil.St1.I11.C1.M3.D28.Ce.599596.gz	fasp.sra.ebi.ac.uk:/vol1/run/ERR488/ERR488451/Soil.St1.I11.C1.M3.D28.Ce.599596.gz	ftp.sra.ebi.ac.uk/vol1/run/ERR488/ERR488451/Soil.St1.I11.C1.M3.D28.Ce.599596.gz	FASTA									qiime_study_1513:Soil.St1.I11.C1.M3.D28.Ce		Soil.St1.I11.C1.M3.D28.Ce		########
PRJEB6163	ERP005635	SAMEA2474073	ERS443465	ERX454284	ERR488452	ERA302995	410661	mouse gut metagenome	LS454	unspecified	Comp.St4.I1.C1.M3.D2.FP:13		SINGLE	POOLCLONE	METAGENOMIC	PCR			CCME-COLORADO	########	########	unspecified sequencing; qiime_experiment_1513:570374:13	xenomicrobiota_transplanted_into_germfree_mice	qiime_study_1513	qiime_experiment_1513:570374:13	Comp.St4.I1.C1.M3.D2.FP.599586.gz_run						23357512	719d4f213092feb90f620104d9dd2929	ftp.sra.ebi.ac.uk/vol1/run/ERR488/ERR488452/Comp.St4.I1.C1.M3.D2.FP.599586.gz	fasp.sra.ebi.ac.uk:/vol1/run/ERR488/ERR488452/Comp.St4.I1.C1.M3.D2.FP.599586.gz	ftp.sra.ebi.ac.uk/vol1/run/ERR488/ERR488452/Comp.St4.I1.C1.M3.D2.FP.599586.gz	FASTA									qiime_study_1513:Comp.St4.I1.C1.M3.D2.FP		Comp.St4.I1.C1.M3.D2.FP		########
PRJEB6163	ERP005635	SAMEA2474074	ERS443466	ERX454285	ERR488453	ERA302995	410661	mouse gut metagenome	LS454	unspecified	Comp.St3.I2.C1.M2.D2.FP:5		SINGLE	POOLCLONE	METAGENOMIC	PCR			CCME-COLORADO	########	########	unspecified sequencing; qiime_experiment_1513:570375:5	xenomicrobiota_transplanted_into_germfree_mice	qiime_study_1513	qiime_experiment_1513:570375:5	Comp.St3.I2.C1.M2.D2.FP.599513.gz_run						5239866	0d70d82d7c1bac133d932cb6edd86087	ftp.sra.ebi.ac.uk/vol1/run/ERR488/ERR488453/Comp.St3.I2.C1.M2.D2.FP.599513.gz	fasp.sra.ebi.ac.uk:/vol1/run/ERR488/ERR488453/Comp.St3.I2.C1.M2.D2.FP.599513.gz	ftp.sra.ebi.ac.uk/vol1/run/ERR488/ERR488453/Comp.St3.I2.C1.M2.D2.FP.599513.gz	FASTA									qiime_study_1513:Comp.St3.I2.C1.M2.D2.FP		Comp.St3.I2.C1.M2.D2.FP		########
PRJEB6163	ERP005635	SAMEA2474075	ERS443467	ERX454286	ERR488454	ERA302995	410661	mouse gut metagenome	LS454	unspecified	Comp.St3.I1.C1.M3.D3.FP:3		SINGLE	POOLCLONE	METAGENOMIC	PCR			CCME-COLORADO	########	########	unspecified sequencing; qiime_experiment_1513:570376:3	xenomicrobiota_transplanted_into_germfree_mice	qiime_study_1513	qiime_experiment_1513:570376:3	Comp.St3.I1.C1.M3.D3.FP.599555.gz_run						11467900	e3d96f5093b0479dfcae821ca824fcc9	ftp.sra.ebi.ac.uk/vol1/run/ERR488/ERR488454/Comp.St3.I1.C1.M3.D3.FP.599555.gz	fasp.sra.ebi.ac.uk:/vol1/run/ERR488/ERR488454/Comp.St3.I1.C1.M3.D3.FP.599555.gz	ftp.sra.ebi.ac.uk/vol1/run/ERR488/ERR488454/Comp.St3.I1.C1.M3.D3.FP.599555.gz	FASTA									qiime_study_1513:Comp.St3.I1.C1.M3.D3.FP		Comp.St3.I1.C1.M3.D3.FP		########
PRJEB6163	ERP005635	SAMEA2474076	ERS443468	ERX454287	ERR488455	ERA302995	410661	mouse gut metagenome	LS454	unspecified	ThgB.St1.I7.C1.M3.D32.Ce:73		SINGLE	POOLCLONE	METAGENOMIC	PCR			CCME-COLORADO	########	########	unspecified sequencing; qiime_experiment_1513:570377:73	xenomicrobiota_transplanted_into_germfree_mice	qiime_study_1513	qiime_experiment_1513:570377:73	ThgB.St1.I7.C1.M3.D32.Ce.599588.gz_run						6074461	c01fe8e2a63b86347f2cdd616d66bb5b	ftp.sra.ebi.ac.uk/vol1/run/ERR488/ERR488455/ThgB.St1.I7.C1.M3.D32.Ce.599588.gz	fasp.sra.ebi.ac.uk:/vol1/run/ERR488/ERR488455/ThgB.St1.I7.C1.M3.D32.Ce.599588.gz	ftp.sra.ebi.ac.uk/vol1/run/ERR488/ERR488455/ThgB.St1.I7.C1.M3.D32.Ce.599588.gz	FASTA									qiime_study_1513:ThgB.St1.I7.C1.M3.D32.Ce		ThgB.St1.I7.C1.M3.D32.Ce		########
PRJEB6163	ERP005635	SAMEA2474077	ERS443469	ERX454288	ERR488456	ERA302995	410661	mouse gut metagenome	LS454	unspecified	Mcec.St2.I1.C1.M1.D14.FP:45		SINGLE	POOLCLONE	METAGENOMIC	PCR			CCME-COLORADO	########	########	unspecified sequencing; qiime_experiment_1513:570378:45	xenomicrobiota_transplanted_into_germfree_mice	qiime_study_1513	qiime_experiment_1513:570378:45	Mcec.St2.I1.C1.M1.D14.FP.599524.gz_run						6590837	7fd8e9849578e58ba7489744885a93ef	ftp.sra.ebi.ac.uk/vol1/run/ERR488/ERR488456/Mcec.St2.I1.C1.M1.D14.FP.599524.gz	fasp.sra.ebi.ac.uk:/vol1/run/ERR488/ERR488456/Mcec.St2.I1.C1.M1.D14.FP.599524.gz	ftp.sra.ebi.ac.uk/vol1/run/ERR488/ERR488456/Mcec.St2.I1.C1.M1.D14.FP.599524.gz	FASTA									qiime_study_1513:Mcec.St2.I1.C1.M1.D14.FP		Mcec.St2.I1.C1.M1.D14.FP		########
PRJEB6163	ERP005635	SAMEA2474078	ERS443470	ERX454289	ERR488457	ERA302995	410661	mouse gut metagenome	LS454	unspecified	Mcec.St2.I1.C1.M4.D14.FP:46		SINGLE	POOLCLONE	METAGENOMIC	PCR			CCME-COLORADO	########	########	unspecified sequencing; qiime_experiment_1513:570379:46	xenomicrobiota_transplanted_into_germfree_mice	qiime_study_1513	qiime_experiment_1513:570379:46	Mcec.St2.I1.C1.M4.D14.FP.599597.gz_run						9499437	542b07781fe71624fe43d74b5b7edd55	ftp.sra.ebi.ac.uk/vol1/run/ERR488/ERR488457/Mcec.St2.I1.C1.M4.D14.FP.599597.gz	fasp.sra.ebi.ac.uk:/vol1/run/ERR488/ERR488457/Mcec.St2.I1.C1.M4.D14.FP.599597.gz	ftp.sra.ebi.ac.uk/vol1/run/ERR488/ERR488457/Mcec.St2.I1.C1.M4.D14.FP.599597.gz	FASTA									qiime_study_1513:Mcec.St2.I1.C1.M4.D14.FP		Mcec.St2.I1.C1.M4.D14.FP		########
PRJEB6163	ERP005635	SAMEA2474079	ERS443471	ERX454290	ERR488458	ERA302995	410661	mouse gut metagenome	LS454	unspecified	ThgB.St1.I7.C1.M2.D32.Ce:71		SINGLE	POOLCLONE	METAGENOMIC	PCR			CCME-COLORADO	########	########	unspecified sequencing; qiime_experiment_1513:570380:71	xenomicrobiota_transplanted_into_germfree_mice	qiime_study_1513	qiime_experiment_1513:570380:71	ThgB.St1.I7.C1.M2.D32.Ce.599531.gz_run						7236115	b640b8d5480532669dbb4e961864babb	ftp.sra.ebi.ac.uk/vol1/run/ERR488/ERR488458/ThgB.St1.I7.C1.M2.D32.Ce.599531.gz	fasp.sra.ebi.ac.uk:/vol1/run/ERR488/ERR488458/ThgB.St1.I7.C1.M2.D32.Ce.599531.gz	ftp.sra.ebi.ac.uk/vol1/run/ERR488/ERR488458/ThgB.St1.I7.C1.M2.D32.Ce.599531.gz	FASTA									qiime_study_1513:ThgB.St1.I7.C1.M2.D32.Ce		ThgB.St1.I7.C1.M2.D32.Ce		########
PRJEB6163	ERP005635	SAMEA2474080	ERS443472	ERX454291	ERR488459	ERA302995	410661	mouse gut metagenome	LS454	unspecified	Mcec.St1.I1.C1.M2.D28.Ce:41		SINGLE	POOLCLONE	METAGENOMIC	PCR			CCME-COLORADO	########	########	unspecified sequencing; qiime_experiment_1513:570381:41	xenomicrobiota_transplanted_into_germfree_mice	qiime_study_1513	qiime_experiment_1513:570381:41	Mcec.St1.I1.C1.M2.D28.Ce.599573.gz_run						3913121	0f6713bdaa2d6ba700a36dc65a2750ed	ftp.sra.ebi.ac.uk/vol1/run/ERR488/ERR488459/Mcec.St1.I1.C1.M2.D28.Ce.599573.gz	fasp.sra.ebi.ac.uk:/vol1/run/ERR488/ERR488459/Mcec.St1.I1.C1.M2.D28.Ce.599573.gz	ftp.sra.ebi.ac.uk/vol1/run/ERR488/ERR488459/Mcec.St1.I1.C1.M2.D28.Ce.599573.gz	FASTA									qiime_study_1513:Mcec.St1.I1.C1.M2.D28.Ce		Mcec.St1.I1.C1.M2.D28.Ce		########
PRJEB6163	ERP005635	SAMEA2474081	ERS443473	ERX454292	ERR488460	ERA302995	410661	mouse gut metagenome	LS454	unspecified	Htng.St1.I3.C1.M3.D28.Ce:37		SINGLE	POOLCLONE	METAGENOMIC	PCR			CCME-COLORADO	########	########	unspecified sequencing; qiime_experiment_1513:570382:37	xenomicrobiota_transplanted_into_germfree_mice	qiime_study_1513	qiime_experiment_1513:570382:37	Htng.St1.I3.C1.M3.D28.Ce.599582.gz_run						6516023	82a46ead8135072136cc0c42f965e84c	ftp.sra.ebi.ac.uk/vol1/run/ERR488/ERR488460/Htng.St1.I3.C1.M3.D28.Ce.599582.gz	fasp.sra.ebi.ac.uk:/vol1/run/ERR488/ERR488460/Htng.St1.I3.C1.M3.D28.Ce.599582.gz	ftp.sra.ebi.ac.uk/vol1/run/ERR488/ERR488460/Htng.St1.I3.C1.M3.D28.Ce.599582.gz	FASTA									qiime_study_1513:Htng.St1.I3.C1.M3.D28.Ce		Htng.St1.I3.C1.M3.D28.Ce		########
PRJEB6163	ERP005635	SAMEA2474082	ERS443474	ERX454293	ERR488461	ERA302995	410661	mouse gut metagenome	LS454	unspecified	Zgut.St1.I5.C1.M3.D14.FP:81		SINGLE	POOLCLONE	METAGENOMIC	PCR			CCME-COLORADO	########	########	unspecified sequencing; qiime_experiment_1513:570383:81	xenomicrobiota_transplanted_into_germfree_mice	qiime_study_1513	qiime_experiment_1513:570383:81	Zgut.St1.I5.C1.M3.D14.FP.599546.gz_run						7122246	e0172658fa35c0f64fb3151f327711b6	ftp.sra.ebi.ac.uk/vol1/run/ERR488/ERR488461/Zgut.St1.I5.C1.M3.D14.FP.599546.gz	fasp.sra.ebi.ac.uk:/vol1/run/ERR488/ERR488461/Zgut.St1.I5.C1.M3.D14.FP.599546.gz	ftp.sra.ebi.ac.uk/vol1/run/ERR488/ERR488461/Zgut.St1.I5.C1.M3.D14.FP.599546.gz	FASTA									qiime_study_1513:Zgut.St1.I5.C1.M3.D14.FP		Zgut.St1.I5.C1.M3.D14.FP		########
PRJEB6163	ERP005635	SAMEA2474083	ERS443475	ERX454294	ERR488462	ERA302995	410661	mouse gut metagenome	LS454	unspecified	Mmm.St1.I10.C1.M1.D27.Ce:51		SINGLE	POOLCLONE	METAGENOMIC	PCR			CCME-COLORADO	########	########	unspecified sequencing; qiime_experiment_1513:570384:51	xenomicrobiota_transplanted_into_germfree_mice	qiime_study_1513	qiime_experiment_1513:570384:51	Mmm.St1.I10.C1.M1.D27.Ce.599523.gz_run						7072398	f673ab0623f6ee87a82ebd7045c70178	ftp.sra.ebi.ac.uk/vol1/run/ERR488/ERR488462/Mmm.St1.I10.C1.M1.D27.Ce.599523.gz	fasp.sra.ebi.ac.uk:/vol1/run/ERR488/ERR488462/Mmm.St1.I10.C1.M1.D27.Ce.599523.gz	ftp.sra.ebi.ac.uk/vol1/run/ERR488/ERR488462/Mmm.St1.I10.C1.M1.D27.Ce.599523.gz	FASTA									qiime_study_1513:Mmm.St1.I10.C1.M1.D27.Ce		Mmm.St1.I10.C1.M1.D27.Ce		########
PRJEB6163	ERP005635	SAMEA2474084	ERS443476	ERX454295	ERR488463	ERA302995	410661	mouse gut metagenome	LS454	unspecified	Soil.St1.I11.C1.M1.D14.FP:55		SINGLE	POOLCLONE	METAGENOMIC	PCR			CCME-COLORADO	########	########	unspecified sequencing; qiime_experiment_1513:570385:55	xenomicrobiota_transplanted_into_germfree_mice	qiime_study_1513	qiime_experiment_1513:570385:55	Soil.St1.I11.C1.M1.D14.FP.599558.gz_run						4232624	951f4f5adeecb2aafba399a73633d376	ftp.sra.ebi.ac.uk/vol1/run/ERR488/ERR488463/Soil.St1.I11.C1.M1.D14.FP.599558.gz	fasp.sra.ebi.ac.uk:/vol1/run/ERR488/ERR488463/Soil.St1.I11.C1.M1.D14.FP.599558.gz	ftp.sra.ebi.ac.uk/vol1/run/ERR488/ERR488463/Soil.St1.I11.C1.M1.D14.FP.599558.gz	FASTA									qiime_study_1513:Soil.St1.I11.C1.M1.D14.FP		Soil.St1.I11.C1.M1.D14.FP		########
PRJEB6163	ERP005635	SAMEA2474085	ERS443477	ERX454296	ERR488464	ERA302995	410661	mouse gut metagenome	LS454	unspecified	Hfec.St1.I2.C1.M2.D28.Ce:28		SINGLE	POOLCLONE	METAGENOMIC	PCR			CCME-COLORADO	########	########	unspecified sequencing; qiime_experiment_1513:570386:28	xenomicrobiota_transplanted_into_germfree_mice	qiime_study_1513	qiime_experiment_1513:570386:28	Hfec.St1.I2.C1.M2.D28.Ce.599569.gz_run						4867676	8aa7378f8172d28afc31a458c01d8dd1	ftp.sra.ebi.ac.uk/vol1/run/ERR488/ERR488464/Hfec.St1.I2.C1.M2.D28.Ce.599569.gz	fasp.sra.ebi.ac.uk:/vol1/run/ERR488/ERR488464/Hfec.St1.I2.C1.M2.D28.Ce.599569.gz	ftp.sra.ebi.ac.uk/vol1/run/ERR488/ERR488464/Hfec.St1.I2.C1.M2.D28.Ce.599569.gz	FASTA									qiime_study_1513:Hfec.St1.I2.C1.M2.D28.Ce		Hfec.St1.I2.C1.M2.D28.Ce		########
PRJEB6163	ERP005635	SAMEA2474086	ERS443478	ERX454297	ERR488465	ERA302995	410661	mouse gut metagenome	LS454	unspecified	ThgB.St2.I3.C1.M1.D14.FP:74		SINGLE	POOLCLONE	METAGENOMIC	PCR			CCME-COLORADO	########	########	unspecified sequencing; qiime_experiment_1513:570387:74	xenomicrobiota_transplanted_into_germfree_mice	qiime_study_1513	qiime_experiment_1513:570387:74	ThgB.St2.I3.C1.M1.D14.FP.599579.gz_run						7455123	abba9471f7f176f134f8942be1eb3178	ftp.sra.ebi.ac.uk/vol1/run/ERR488/ERR488465/ThgB.St2.I3.C1.M1.D14.FP.599579.gz	fasp.sra.ebi.ac.uk:/vol1/run/ERR488/ERR488465/ThgB.St2.I3.C1.M1.D14.FP.599579.gz	ftp.sra.ebi.ac.uk/vol1/run/ERR488/ERR488465/ThgB.St2.I3.C1.M1.D14.FP.599579.gz	FASTA									qiime_study_1513:ThgB.St2.I3.C1.M1.D14.FP		ThgB.St2.I3.C1.M1.D14.FP		########
PRJEB6163	ERP005635	SAMEA2474087	ERS443479	ERX454298	ERR488466	ERA302995	410661	mouse gut metagenome	LS454	unspecified	Comp.St4.I1.C3.M4.D28.FP:24		SINGLE	POOLCLONE	METAGENOMIC	PCR			CCME-COLORADO	########	########	unspecified sequencing; qiime_experiment_1513:570388:24	xenomicrobiota_transplanted_into_germfree_mice	qiime_study_1513	qiime_experiment_1513:570388:24	Comp.St4.I1.C3.M4.D28.FP.599549.gz_run						13172449	e26aa21168a97e64c3001c67e4b4b525	ftp.sra.ebi.ac.uk/vol1/run/ERR488/ERR488466/Comp.St4.I1.C3.M4.D28.FP.599549.gz	fasp.sra.ebi.ac.uk:/vol1/run/ERR488/ERR488466/Comp.St4.I1.C3.M4.D28.FP.599549.gz	ftp.sra.ebi.ac.uk/vol1/run/ERR488/ERR488466/Comp.St4.I1.C3.M4.D28.FP.599549.gz	FASTA									qiime_study_1513:Comp.St4.I1.C3.M4.D28.FP		Comp.St4.I1.C3.M4.D28.FP		########
PRJEB6163	ERP005635	SAMEA2474088	ERS443480	ERX454299	ERR488467	ERA302995	410661	mouse gut metagenome	LS454	unspecified	Mmm.St1.I10.C1.M2.D27.Ce:52		SINGLE	POOLCLONE	METAGENOMIC	PCR			CCME-COLORADO	########	########	unspecified sequencing; qiime_experiment_1513:570389:52	xenomicrobiota_transplanted_into_germfree_mice	qiime_study_1513	qiime_experiment_1513:570389:52	Mmm.St1.I10.C1.M2.D27.Ce.599527.gz_run						11634630	7306b3637d9c11694f238a6979455d37	ftp.sra.ebi.ac.uk/vol1/run/ERR488/ERR488467/Mmm.St1.I10.C1.M2.D27.Ce.599527.gz	fasp.sra.ebi.ac.uk:/vol1/run/ERR488/ERR488467/Mmm.St1.I10.C1.M2.D27.Ce.599527.gz	ftp.sra.ebi.ac.uk/vol1/run/ERR488/ERR488467/Mmm.St1.I10.C1.M2.D27.Ce.599527.gz	FASTA									qiime_study_1513:Mmm.St1.I10.C1.M2.D27.Ce		Mmm.St1.I10.C1.M2.D27.Ce		########
PRJEB6163	ERP005635	SAMEA2474089	ERS443481	ERX454300	ERR488468	ERA302995	410658	soil metagenome	LS454	unspecified	Soil.St1.Input1:61		SINGLE	POOLCLONE	METAGENOMIC	PCR			CCME-COLORADO	########	########	unspecified sequencing; qiime_experiment_1513:570390:61	xenomicrobiota_transplanted_into_germfree_mice	qiime_study_1513	qiime_experiment_1513:570390:61	Soil.St1.Input1.599567.gz_run						13739545	af6299427e57d03f3237962073ad4301	ftp.sra.ebi.ac.uk/vol1/run/ERR488/ERR488468/Soil.St1.Input1.599567.gz	fasp.sra.ebi.ac.uk:/vol1/run/ERR488/ERR488468/Soil.St1.Input1.599567.gz	ftp.sra.ebi.ac.uk/vol1/run/ERR488/ERR488468/Soil.St1.Input1.599567.gz	FASTA									qiime_study_1513:Soil.St1.Input1		Soil.St1.Input1		########
PRJEB6163	ERP005635	SAMEA2474090	ERS443482	ERX454301	ERR488469	ERA302995	410661	mouse gut metagenome	LS454	unspecified	Soil.St1.I11.C1.M2.D28.Ce:58		SINGLE	POOLCLONE	METAGENOMIC	PCR			CCME-COLORADO	########	########	unspecified sequencing; qiime_experiment_1513:570391:58	xenomicrobiota_transplanted_into_germfree_mice	qiime_study_1513	qiime_experiment_1513:570391:58	Soil.St1.I11.C1.M2.D28.Ce.599545.gz_run						3273034	fd521630f78326f0ceb6447ad645b361	ftp.sra.ebi.ac.uk/vol1/run/ERR488/ERR488469/Soil.St1.I11.C1.M2.D28.Ce.599545.gz	fasp.sra.ebi.ac.uk:/vol1/run/ERR488/ERR488469/Soil.St1.I11.C1.M2.D28.Ce.599545.gz	ftp.sra.ebi.ac.uk/vol1/run/ERR488/ERR488469/Soil.St1.I11.C1.M2.D28.Ce.599545.gz	FASTA									qiime_study_1513:Soil.St1.I11.C1.M2.D28.Ce		Soil.St1.I11.C1.M2.D28.Ce		########
PRJEB6163	ERP005635	SAMEA2474091	ERS443483	ERX454302	ERR488470	ERA302995	410661	mouse gut metagenome	LS454	unspecified	Htng.St1.I3.C1.M1.D28.Ce:35		SINGLE	POOLCLONE	METAGENOMIC	PCR			CCME-COLORADO	########	########	unspecified sequencing; qiime_experiment_1513:570392:35	xenomicrobiota_transplanted_into_germfree_mice	qiime_study_1513	qiime_experiment_1513:570392:35	Htng.St1.I3.C1.M1.D28.Ce.599544.gz_run						5367938	c06e5e13d5e27e022039325528a2e5af	ftp.sra.ebi.ac.uk/vol1/run/ERR488/ERR488470/Htng.St1.I3.C1.M1.D28.Ce.599544.gz	fasp.sra.ebi.ac.uk:/vol1/run/ERR488/ERR488470/Htng.St1.I3.C1.M1.D28.Ce.599544.gz	ftp.sra.ebi.ac.uk/vol1/run/ERR488/ERR488470/Htng.St1.I3.C1.M1.D28.Ce.599544.gz	FASTA									qiime_study_1513:Htng.St1.I3.C1.M1.D28.Ce		Htng.St1.I3.C1.M1.D28.Ce		########
PRJEB6163	ERP005635	SAMEA2474092	ERS443484	ERX454303	ERR488471	ERA302995	410661	mouse gut metagenome	LS454	unspecified	ThgB.St1.I7.C1.M2.D14.FP:70		SINGLE	POOLCLONE	METAGENOMIC	PCR			CCME-COLORADO	########	########	unspecified sequencing; qiime_experiment_1513:570393:70	xenomicrobiota_transplanted_into_germfree_mice	qiime_study_1513	qiime_experiment_1513:570393:70	ThgB.St1.I7.C1.M2.D14.FP.599528.gz_run						5221861	18aff5ceb217e933a36750475115b605	ftp.sra.ebi.ac.uk/vol1/run/ERR488/ERR488471/ThgB.St1.I7.C1.M2.D14.FP.599528.gz	fasp.sra.ebi.ac.uk:/vol1/run/ERR488/ERR488471/ThgB.St1.I7.C1.M2.D14.FP.599528.gz	ftp.sra.ebi.ac.uk/vol1/run/ERR488/ERR488471/ThgB.St1.I7.C1.M2.D14.FP.599528.gz	FASTA									qiime_study_1513:ThgB.St1.I7.C1.M2.D14.FP		ThgB.St1.I7.C1.M2.D14.FP		########
PRJEB6163	ERP005635	SAMEA2474093	ERS443485	ERX454304	ERR488472	ERA302995	410661	mouse gut metagenome	LS454	unspecified	Mcec.St4.I1.C1.M4.D28.FP:49		SINGLE	POOLCLONE	METAGENOMIC	PCR			CCME-COLORADO	########	########	unspecified sequencing; qiime_experiment_1513:570394:49	xenomicrobiota_transplanted_into_germfree_mice	qiime_study_1513	qiime_experiment_1513:570394:49	Mcec.St4.I1.C1.M4.D28.FP.599574.gz_run						12680872	e62fb248fbdf8d7f89742616f40e57ca	ftp.sra.ebi.ac.uk/vol1/run/ERR488/ERR488472/Mcec.St4.I1.C1.M4.D28.FP.599574.gz	fasp.sra.ebi.ac.uk:/vol1/run/ERR488/ERR488472/Mcec.St4.I1.C1.M4.D28.FP.599574.gz	ftp.sra.ebi.ac.uk/vol1/run/ERR488/ERR488472/Mcec.St4.I1.C1.M4.D28.FP.599574.gz	FASTA									qiime_study_1513:Mcec.St4.I1.C1.M4.D28.FP		Mcec.St4.I1.C1.M4.D28.FP		########
PRJEB6163	ERP005635	SAMEA2474094	ERS443486	ERX454305	ERR488473	ERA302995	410661	mouse gut metagenome	LS454	unspecified	Zgut.St2.I2.C1.M2.D14.FP:84		SINGLE	POOLCLONE	METAGENOMIC	PCR			CCME-COLORADO	########	########	unspecified sequencing; qiime_experiment_1513:570395:84	xenomicrobiota_transplanted_into_germfree_mice	qiime_study_1513	qiime_experiment_1513:570395:84	Zgut.St2.I2.C1.M2.D14.FP.599556.gz_run						5201231	35cde4049fd4c55fdf52e0c6740cead5	ftp.sra.ebi.ac.uk/vol1/run/ERR488/ERR488473/Zgut.St2.I2.C1.M2.D14.FP.599556.gz	fasp.sra.ebi.ac.uk:/vol1/run/ERR488/ERR488473/Zgut.St2.I2.C1.M2.D14.FP.599556.gz	ftp.sra.ebi.ac.uk/vol1/run/ERR488/ERR488473/Zgut.St2.I2.C1.M2.D14.FP.599556.gz	FASTA									qiime_study_1513:Zgut.St2.I2.C1.M2.D14.FP		Zgut.St2.I2.C1.M2.D14.FP		########
PRJEB6163	ERP005635	SAMEA2474095	ERS443487	ERX454306	ERR488474	ERA302995	410661	mouse gut metagenome	LS454	unspecified	Mmm.St1.I10.C1.M3.D27.Ce:53		SINGLE	POOLCLONE	METAGENOMIC	PCR			CCME-COLORADO	########	########	unspecified sequencing; qiime_experiment_1513:570396:53	xenomicrobiota_transplanted_into_germfree_mice	qiime_study_1513	qiime_experiment_1513:570396:53	Mmm.St1.I10.C1.M3.D27.Ce.599553.gz_run						5929989	e84c1e518b5f46471b3ad86288aeb969	ftp.sra.ebi.ac.uk/vol1/run/ERR488/ERR488474/Mmm.St1.I10.C1.M3.D27.Ce.599553.gz	fasp.sra.ebi.ac.uk:/vol1/run/ERR488/ERR488474/Mmm.St1.I10.C1.M3.D27.Ce.599553.gz	ftp.sra.ebi.ac.uk/vol1/run/ERR488/ERR488474/Mmm.St1.I10.C1.M3.D27.Ce.599553.gz	FASTA									qiime_study_1513:Mmm.St1.I10.C1.M3.D27.Ce		Mmm.St1.I10.C1.M3.D27.Ce		########
PRJEB6163	ERP005635	SAMEA2474096	ERS443488	ERX454307	ERR488475	ERA302995	410661	mouse gut metagenome	LS454	unspecified	ThgA.St1.I6.C1.M3.D28.Ce:67		SINGLE	POOLCLONE	METAGENOMIC	PCR			CCME-COLORADO	########	########	unspecified sequencing; qiime_experiment_1513:570397:67	xenomicrobiota_transplanted_into_germfree_mice	qiime_study_1513	qiime_experiment_1513:570397:67	ThgA.St1.I6.C1.M3.D28.Ce.599565.gz_run						3154929	a427c72ad73e52bb1cac2c0887b151c3	ftp.sra.ebi.ac.uk/vol1/run/ERR488/ERR488475/ThgA.St1.I6.C1.M3.D28.Ce.599565.gz	fasp.sra.ebi.ac.uk:/vol1/run/ERR488/ERR488475/ThgA.St1.I6.C1.M3.D28.Ce.599565.gz	ftp.sra.ebi.ac.uk/vol1/run/ERR488/ERR488475/ThgA.St1.I6.C1.M3.D28.Ce.599565.gz	FASTA									qiime_study_1513:ThgA.St1.I6.C1.M3.D28.Ce		ThgA.St1.I6.C1.M3.D28.Ce		########
PRJEB6163	ERP005635	SAMEA2474097	ERS443489	ERX454308	ERR488476	ERA302995	408170	human gut metagenome	LS454	unspecified	Hfec.St1.Input1:30		SINGLE	POOLCLONE	METAGENOMIC	PCR			CCME-COLORADO	########	########	unspecified sequencing; qiime_experiment_1513:570398:30	xenomicrobiota_transplanted_into_germfree_mice	qiime_study_1513	qiime_experiment_1513:570398:30	Hfec.St1.Input1.599537.gz_run						12649632	0ddd5d2201f9ea7c43f49fb98e701eca	ftp.sra.ebi.ac.uk/vol1/run/ERR488/ERR488476/Hfec.St1.Input1.599537.gz	fasp.sra.ebi.ac.uk:/vol1/run/ERR488/ERR488476/Hfec.St1.Input1.599537.gz	ftp.sra.ebi.ac.uk/vol1/run/ERR488/ERR488476/Hfec.St1.Input1.599537.gz	FASTA									qiime_study_1513:Hfec.St1.Input1		Hfec.St1.Input1		########
PRJEB6163	ERP005635	SAMEA2474098	ERS443490	ERX454309	ERR488477	ERA302995	410661	mouse gut metagenome	LS454	unspecified	Zgut.St1.I5.C1.M2.D14.FP:79		SINGLE	POOLCLONE	METAGENOMIC	PCR			CCME-COLORADO	########	########	unspecified sequencing; qiime_experiment_1513:570399:79	xenomicrobiota_transplanted_into_germfree_mice	qiime_study_1513	qiime_experiment_1513:570399:79	Zgut.St1.I5.C1.M2.D14.FP.599547.gz_run						8286925	cc271bb480f811c8f4c3b98fcfb64cca	ftp.sra.ebi.ac.uk/vol1/run/ERR488/ERR488477/Zgut.St1.I5.C1.M2.D14.FP.599547.gz	fasp.sra.ebi.ac.uk:/vol1/run/ERR488/ERR488477/Zgut.St1.I5.C1.M2.D14.FP.599547.gz	ftp.sra.ebi.ac.uk/vol1/run/ERR488/ERR488477/Zgut.St1.I5.C1.M2.D14.FP.599547.gz	FASTA									qiime_study_1513:Zgut.St1.I5.C1.M2.D14.FP		Zgut.St1.I5.C1.M2.D14.FP		########
PRJEB6163	ERP005635	SAMEA2474099	ERS443491	ERX454310	ERR488478	ERA302995	410661	mouse gut metagenome	LS454	unspecified	Zgut.St1.I5.C1.M1.D28.Ce:78		SINGLE	POOLCLONE	METAGENOMIC	PCR			CCME-COLORADO	########	########	unspecified sequencing; qiime_experiment_1513:570400:78	xenomicrobiota_transplanted_into_germfree_mice	qiime_study_1513	qiime_experiment_1513:570400:78	Zgut.St1.I5.C1.M1.D28.Ce.599585.gz_run						5570304	20f0ac778a46974a6cdb67a43bd18b15	ftp.sra.ebi.ac.uk/vol1/run/ERR488/ERR488478/Zgut.St1.I5.C1.M1.D28.Ce.599585.gz	fasp.sra.ebi.ac.uk:/vol1/run/ERR488/ERR488478/Zgut.St1.I5.C1.M1.D28.Ce.599585.gz	ftp.sra.ebi.ac.uk/vol1/run/ERR488/ERR488478/Zgut.St1.I5.C1.M1.D28.Ce.599585.gz	FASTA									qiime_study_1513:Zgut.St1.I5.C1.M1.D28.Ce		Zgut.St1.I5.C1.M1.D28.Ce		########
PRJEB6163	ERP005635	SAMEA2474100	ERS443492	ERX454311	ERR488479	ERA302995	410661	mouse gut metagenome	LS454	unspecified	Comp.St4.I1.C1.M3.D28.FP:14		SINGLE	POOLCLONE	METAGENOMIC	PCR			CCME-COLORADO	########	########	unspecified sequencing; qiime_experiment_1513:570401:14	xenomicrobiota_transplanted_into_germfree_mice	qiime_study_1513	qiime_experiment_1513:570401:14	Comp.St4.I1.C1.M3.D28.FP.599538.gz_run						7877553	54aab3902d618fb0e293932ede6dc026	ftp.sra.ebi.ac.uk/vol1/run/ERR488/ERR488479/Comp.St4.I1.C1.M3.D28.FP.599538.gz	fasp.sra.ebi.ac.uk:/vol1/run/ERR488/ERR488479/Comp.St4.I1.C1.M3.D28.FP.599538.gz	ftp.sra.ebi.ac.uk/vol1/run/ERR488/ERR488479/Comp.St4.I1.C1.M3.D28.FP.599538.gz	FASTA									qiime_study_1513:Comp.St4.I1.C1.M3.D28.FP		Comp.St4.I1.C1.M3.D28.FP		########
PRJEB6163	ERP005635	SAMEA2474101	ERS443493	ERX454312	ERR488480	ERA302995	410661	mouse gut metagenome	LS454	unspecified	Mcec.St4.I1.C1.M1.D28.FP:48		SINGLE	POOLCLONE	METAGENOMIC	PCR			CCME-COLORADO	########	########	unspecified sequencing; qiime_experiment_1513:570402:48	xenomicrobiota_transplanted_into_germfree_mice	qiime_study_1513	qiime_experiment_1513:570402:48	Mcec.St4.I1.C1.M1.D28.FP.599594.gz_run						9779454	04f0317634cf39cbccfac814a256850e	ftp.sra.ebi.ac.uk/vol1/run/ERR488/ERR488480/Mcec.St4.I1.C1.M1.D28.FP.599594.gz	fasp.sra.ebi.ac.uk:/vol1/run/ERR488/ERR488480/Mcec.St4.I1.C1.M1.D28.FP.599594.gz	ftp.sra.ebi.ac.uk/vol1/run/ERR488/ERR488480/Mcec.St4.I1.C1.M1.D28.FP.599594.gz	FASTA									qiime_study_1513:Mcec.St4.I1.C1.M1.D28.FP		Mcec.St4.I1.C1.M1.D28.FP		########
PRJEB6163	ERP005635	SAMEA2474102	ERS443494	ERX454313	ERR488481	ERA302995	410661	mouse gut metagenome	LS454	unspecified	Soil.St1.I11.C1.M1.D28.Ce:56		SINGLE	POOLCLONE	METAGENOMIC	PCR			CCME-COLORADO	########	########	unspecified sequencing; qiime_experiment_1513:570403:56	xenomicrobiota_transplanted_into_germfree_mice	qiime_study_1513	qiime_experiment_1513:570403:56	Soil.St1.I11.C1.M1.D28.Ce.599583.gz_run						7697648	b5220a92cf7f4d6b90eb3a77e5089573	ftp.sra.ebi.ac.uk/vol1/run/ERR488/ERR488481/Soil.St1.I11.C1.M1.D28.Ce.599583.gz	fasp.sra.ebi.ac.uk:/vol1/run/ERR488/ERR488481/Soil.St1.I11.C1.M1.D28.Ce.599583.gz	ftp.sra.ebi.ac.uk/vol1/run/ERR488/ERR488481/Soil.St1.I11.C1.M1.D28.Ce.599583.gz	FASTA									qiime_study_1513:Soil.St1.I11.C1.M1.D28.Ce		Soil.St1.I11.C1.M1.D28.Ce		########
PRJEB6163	ERP005635	SAMEA2474103	ERS443495	ERX454314	ERR488482	ERA302995	410661	mouse gut metagenome	LS454	unspecified	Zgut.St2.I2.C1.M4.D14.FP:85		SINGLE	POOLCLONE	METAGENOMIC	PCR			CCME-COLORADO	########	########	unspecified sequencing; qiime_experiment_1513:570404:85	xenomicrobiota_transplanted_into_germfree_mice	qiime_study_1513	qiime_experiment_1513:570404:85	Zgut.St2.I2.C1.M4.D14.FP.599515.gz_run						9606752	6752b923ac8100b231d14fcb22822bbf	ftp.sra.ebi.ac.uk/vol1/run/ERR488/ERR488482/Zgut.St2.I2.C1.M4.D14.FP.599515.gz	fasp.sra.ebi.ac.uk:/vol1/run/ERR488/ERR488482/Zgut.St2.I2.C1.M4.D14.FP.599515.gz	ftp.sra.ebi.ac.uk/vol1/run/ERR488/ERR488482/Zgut.St2.I2.C1.M4.D14.FP.599515.gz	FASTA									qiime_study_1513:Zgut.St2.I2.C1.M4.D14.FP		Zgut.St2.I2.C1.M4.D14.FP		########
PRJEB6163	ERP005635	SAMEA2474104	ERS443496	ERX454315	ERR488483	ERA302995	410661	mouse gut metagenome	LS454	unspecified	Mcec.St1.I1.C1.M1.D14.FP:38		SINGLE	POOLCLONE	METAGENOMIC	PCR			CCME-COLORADO	########	########	unspecified sequencing; qiime_experiment_1513:570405:38	xenomicrobiota_transplanted_into_germfree_mice	qiime_study_1513	qiime_experiment_1513:570405:38	Mcec.St1.I1.C1.M1.D14.FP.599581.gz_run						4211777	4a05df2c1913fa1c199191adf210b603	ftp.sra.ebi.ac.uk/vol1/run/ERR488/ERR488483/Mcec.St1.I1.C1.M1.D14.FP.599581.gz	fasp.sra.ebi.ac.uk:/vol1/run/ERR488/ERR488483/Mcec.St1.I1.C1.M1.D14.FP.599581.gz	ftp.sra.ebi.ac.uk/vol1/run/ERR488/ERR488483/Mcec.St1.I1.C1.M1.D14.FP.599581.gz	FASTA									qiime_study_1513:Mcec.St1.I1.C1.M1.D14.FP		Mcec.St1.I1.C1.M1.D14.FP		########
PRJEB6163	ERP005635	SAMEA2474105	ERS443497	ERX454316	ERR488484	ERA302995	410661	mouse gut metagenome	LS454	unspecified	ThgB.St2.I3.C1.M3.D14.FP:76		SINGLE	POOLCLONE	METAGENOMIC	PCR			CCME-COLORADO	########	########	unspecified sequencing; qiime_experiment_1513:570406:76	xenomicrobiota_transplanted_into_germfree_mice	qiime_study_1513	qiime_experiment_1513:570406:76	ThgB.St2.I3.C1.M3.D14.FP.599516.gz_run						7476057	a49adb4214ce7e9075e604f12c898b9d	ftp.sra.ebi.ac.uk/vol1/run/ERR488/ERR488484/ThgB.St2.I3.C1.M3.D14.FP.599516.gz	fasp.sra.ebi.ac.uk:/vol1/run/ERR488/ERR488484/ThgB.St2.I3.C1.M3.D14.FP.599516.gz	ftp.sra.ebi.ac.uk/vol1/run/ERR488/ERR488484/ThgB.St2.I3.C1.M3.D14.FP.599516.gz	FASTA									qiime_study_1513:ThgB.St2.I3.C1.M3.D14.FP		ThgB.St2.I3.C1.M3.D14.FP		########
PRJEB6163	ERP005635	SAMEA2474106	ERS443498	ERX454317	ERR488485	ERA302995	410661	mouse gut metagenome	LS454	unspecified	Comp.St4.I1.C3.M4.D2.FP:23		SINGLE	POOLCLONE	METAGENOMIC	PCR			CCME-COLORADO	########	########	unspecified sequencing; qiime_experiment_1513:570407:23	xenomicrobiota_transplanted_into_germfree_mice	qiime_study_1513	qiime_experiment_1513:570407:23	Comp.St4.I1.C3.M4.D2.FP.599598.gz_run						11494078	eaf88d05169bfa07e0673767e0271df1	ftp.sra.ebi.ac.uk/vol1/run/ERR488/ERR488485/Comp.St4.I1.C3.M4.D2.FP.599598.gz	fasp.sra.ebi.ac.uk:/vol1/run/ERR488/ERR488485/Comp.St4.I1.C3.M4.D2.FP.599598.gz	ftp.sra.ebi.ac.uk/vol1/run/ERR488/ERR488485/Comp.St4.I1.C3.M4.D2.FP.599598.gz	FASTA									qiime_study_1513:Comp.St4.I1.C3.M4.D2.FP		Comp.St4.I1.C3.M4.D2.FP		########
PRJEB6163	ERP005635	SAMEA2474107	ERS443499	ERX454318	ERR488486	ERA302995	410661	mouse gut metagenome	LS454	unspecified	ThgB.St1.I7.C1.M1.D14.FP:68		SINGLE	POOLCLONE	METAGENOMIC	PCR			CCME-COLORADO	########	########	unspecified sequencing; qiime_experiment_1513:570408:68	xenomicrobiota_transplanted_into_germfree_mice	qiime_study_1513	qiime_experiment_1513:570408:68	ThgB.St1.I7.C1.M1.D14.FP.599552.gz_run						5251791	f01284dfe4057169793905adc78f421b	ftp.sra.ebi.ac.uk/vol1/run/ERR488/ERR488486/ThgB.St1.I7.C1.M1.D14.FP.599552.gz	fasp.sra.ebi.ac.uk:/vol1/run/ERR488/ERR488486/ThgB.St1.I7.C1.M1.D14.FP.599552.gz	ftp.sra.ebi.ac.uk/vol1/run/ERR488/ERR488486/ThgB.St1.I7.C1.M1.D14.FP.599552.gz	FASTA									qiime_study_1513:ThgB.St1.I7.C1.M1.D14.FP		ThgB.St1.I7.C1.M1.D14.FP		########
PRJEB6163	ERP005635	SAMEA2474108	ERS443500	ERX454319	ERR488487	ERA302995	410661	mouse gut metagenome	LS454	unspecified	Comp.St4.I1.C1.M3.D7.FP:16		SINGLE	POOLCLONE	METAGENOMIC	PCR			CCME-COLORADO	########	########	unspecified sequencing; qiime_experiment_1513:570409:16	xenomicrobiota_transplanted_into_germfree_mice	qiime_study_1513	qiime_experiment_1513:570409:16	Comp.St4.I1.C1.M3.D7.FP.599541.gz_run						5079991	1dc784ba6683dfbfd5c81aab05d81f3e	ftp.sra.ebi.ac.uk/vol1/run/ERR488/ERR488487/Comp.St4.I1.C1.M3.D7.FP.599541.gz	fasp.sra.ebi.ac.uk:/vol1/run/ERR488/ERR488487/Comp.St4.I1.C1.M3.D7.FP.599541.gz	ftp.sra.ebi.ac.uk/vol1/run/ERR488/ERR488487/Comp.St4.I1.C1.M3.D7.FP.599541.gz	FASTA									qiime_study_1513:Comp.St4.I1.C1.M3.D7.FP		Comp.St4.I1.C1.M3.D7.FP		########
PRJEB6163	ERP005635	SAMEA2474109	ERS443501	ERX454320	ERR488488	ERA302995	410661	mouse gut metagenome	LS454	unspecified	Mcec.St1.I1.C1.M3.D28.Ce:43		SINGLE	POOLCLONE	METAGENOMIC	PCR			CCME-COLORADO	########	########	unspecified sequencing; qiime_experiment_1513:570323:43	xenomicrobiota_transplanted_into_germfree_mice	qiime_study_1513	qiime_experiment_1513:570323:43	Mcec.St1.I1.C1.M3.D28.Ce.599576.gz_run						3993707	4d615eeefd67ea0ab21ee096058fe2b4	ftp.sra.ebi.ac.uk/vol1/run/ERR488/ERR488488/Mcec.St1.I1.C1.M3.D28.Ce.599576.gz	fasp.sra.ebi.ac.uk:/vol1/run/ERR488/ERR488488/Mcec.St1.I1.C1.M3.D28.Ce.599576.gz	ftp.sra.ebi.ac.uk/vol1/run/ERR488/ERR488488/Mcec.St1.I1.C1.M3.D28.Ce.599576.gz	FASTA									qiime_study_1513:Mcec.St1.I1.C1.M3.D28.Ce		Mcec.St1.I1.C1.M3.D28.Ce		########
PRJEB6163	ERP005635	SAMEA2474110	ERS443502	ERX454321	ERR488489	ERA302995	410661	mouse gut metagenome	LS454	unspecified	Comp.St3.I2.C1.M2.D3.FP:7		SINGLE	POOLCLONE	METAGENOMIC	PCR			CCME-COLORADO	########	########	unspecified sequencing; qiime_experiment_1513:570324:7	xenomicrobiota_transplanted_into_germfree_mice	qiime_study_1513	qiime_experiment_1513:570324:7	Comp.St3.I2.C1.M2.D3.FP.599564.gz_run						7967410	575e9b32d31f12e1f51b42e1f9875e05	ftp.sra.ebi.ac.uk/vol1/run/ERR488/ERR488489/Comp.St3.I2.C1.M2.D3.FP.599564.gz	fasp.sra.ebi.ac.uk:/vol1/run/ERR488/ERR488489/Comp.St3.I2.C1.M2.D3.FP.599564.gz	ftp.sra.ebi.ac.uk/vol1/run/ERR488/ERR488489/Comp.St3.I2.C1.M2.D3.FP.599564.gz	FASTA									qiime_study_1513:Comp.St3.I2.C1.M2.D3.FP		Comp.St3.I2.C1.M2.D3.FP		########
PRJEB6163	ERP005635	SAMEA2474111	ERS443503	ERX454322	ERR488490	ERA302995	410661	mouse gut metagenome	LS454	unspecified	Comp.St4.I1.C2.M2.D2.FP:18		SINGLE	POOLCLONE	METAGENOMIC	PCR			CCME-COLORADO	########	########	unspecified sequencing; qiime_experiment_1513:570325:18	xenomicrobiota_transplanted_into_germfree_mice	qiime_study_1513	qiime_experiment_1513:570325:18	Comp.St4.I1.C2.M2.D2.FP.599536.gz_run						19816289	d23979a366d55b30fc84f126bb183f6f	ftp.sra.ebi.ac.uk/vol1/run/ERR488/ERR488490/Comp.St4.I1.C2.M2.D2.FP.599536.gz	fasp.sra.ebi.ac.uk:/vol1/run/ERR488/ERR488490/Comp.St4.I1.C2.M2.D2.FP.599536.gz	ftp.sra.ebi.ac.uk/vol1/run/ERR488/ERR488490/Comp.St4.I1.C2.M2.D2.FP.599536.gz	FASTA									qiime_study_1513:Comp.St4.I1.C2.M2.D2.FP		Comp.St4.I1.C2.M2.D2.FP		########
PRJEB6163	ERP005635	SAMEA2474112	ERS443504	ERX454323	ERR488491	ERA302995	410661	mouse gut metagenome	LS454	unspecified	ThgA.St1.I6.C1.M1.D28.Ce:65		SINGLE	POOLCLONE	METAGENOMIC	PCR			CCME-COLORADO	########	########	unspecified sequencing; qiime_experiment_1513:570326:65	xenomicrobiota_transplanted_into_germfree_mice	qiime_study_1513	qiime_experiment_1513:570326:65	ThgA.St1.I6.C1.M1.D28.Ce.599519.gz_run						3369540	c374531a5750dfbb88a185214728a7c5	ftp.sra.ebi.ac.uk/vol1/run/ERR488/ERR488491/ThgA.St1.I6.C1.M1.D28.Ce.599519.gz	fasp.sra.ebi.ac.uk:/vol1/run/ERR488/ERR488491/ThgA.St1.I6.C1.M1.D28.Ce.599519.gz	ftp.sra.ebi.ac.uk/vol1/run/ERR488/ERR488491/ThgA.St1.I6.C1.M1.D28.Ce.599519.gz	FASTA									qiime_study_1513:ThgA.St1.I6.C1.M1.D28.Ce		ThgA.St1.I6.C1.M1.D28.Ce		########
PRJEB6163	ERP005635	SAMEA2474113	ERS443505	ERX454324	ERR488492	ERA302995	410661	mouse gut metagenome	LS454	unspecified	Comp.St3.I2.C1.M2.D21.FP:6		SINGLE	POOLCLONE	METAGENOMIC	PCR			CCME-COLORADO	########	########	unspecified sequencing; qiime_experiment_1513:570327:6	xenomicrobiota_transplanted_into_germfree_mice	qiime_study_1513	qiime_experiment_1513:570327:6	Comp.St3.I2.C1.M2.D21.FP.599571.gz_run						13654281	89766e79bda7aa49e93bd24892a76bc6	ftp.sra.ebi.ac.uk/vol1/run/ERR488/ERR488492/Comp.St3.I2.C1.M2.D21.FP.599571.gz	fasp.sra.ebi.ac.uk:/vol1/run/ERR488/ERR488492/Comp.St3.I2.C1.M2.D21.FP.599571.gz	ftp.sra.ebi.ac.uk/vol1/run/ERR488/ERR488492/Comp.St3.I2.C1.M2.D21.FP.599571.gz	FASTA									qiime_study_1513:Comp.St3.I2.C1.M2.D21.FP		Comp.St3.I2.C1.M2.D21.FP		########
PRJEB6163	ERP005635	SAMEA2474114	ERS443506	ERX454325	ERR488493	ERA302995	410661	mouse gut metagenome	LS454	unspecified	Mcec.St1.I1.C1.M2.D14.FP:40		SINGLE	POOLCLONE	METAGENOMIC	PCR			CCME-COLORADO	########	########	unspecified sequencing; qiime_experiment_1513:570328:40	xenomicrobiota_transplanted_into_germfree_mice	qiime_study_1513	qiime_experiment_1513:570328:40	Mcec.St1.I1.C1.M2.D14.FP.599521.gz_run						4141361	5d95f4691b321a638bebdf44596d33e5	ftp.sra.ebi.ac.uk/vol1/run/ERR488/ERR488493/Mcec.St1.I1.C1.M2.D14.FP.599521.gz	fasp.sra.ebi.ac.uk:/vol1/run/ERR488/ERR488493/Mcec.St1.I1.C1.M2.D14.FP.599521.gz	ftp.sra.ebi.ac.uk/vol1/run/ERR488/ERR488493/Mcec.St1.I1.C1.M2.D14.FP.599521.gz	FASTA									qiime_study_1513:Mcec.St1.I1.C1.M2.D14.FP		Mcec.St1.I1.C1.M2.D14.FP		########
PRJEB6163	ERP005635	SAMEA2474115	ERS443507	ERX454326	ERR488494	ERA302995	410661	mouse gut metagenome	LS454	unspecified	Comp.St3.I3.C1.M4.D2.FP:9		SINGLE	POOLCLONE	METAGENOMIC	PCR			CCME-COLORADO	########	########	unspecified sequencing; qiime_experiment_1513:570329:9	xenomicrobiota_transplanted_into_germfree_mice	qiime_study_1513	qiime_experiment_1513:570329:9	Comp.St3.I3.C1.M4.D2.FP.599520.gz_run						3690499	592427560c31357b39050c8b48e4a56c	ftp.sra.ebi.ac.uk/vol1/run/ERR488/ERR488494/Comp.St3.I3.C1.M4.D2.FP.599520.gz	fasp.sra.ebi.ac.uk:/vol1/run/ERR488/ERR488494/Comp.St3.I3.C1.M4.D2.FP.599520.gz	ftp.sra.ebi.ac.uk/vol1/run/ERR488/ERR488494/Comp.St3.I3.C1.M4.D2.FP.599520.gz	FASTA									qiime_study_1513:Comp.St3.I3.C1.M4.D2.FP		Comp.St3.I3.C1.M4.D2.FP		########
PRJEB6163	ERP005635	SAMEA2474116	ERS443508	ERX454327	ERR488495	ERA302995	527640	microbial mat metagenome	LS454	unspecified	Mmm.St1.Input1:54		SINGLE	POOLCLONE	METAGENOMIC	PCR			CCME-COLORADO	########	########	unspecified sequencing; qiime_experiment_1513:570330:54	xenomicrobiota_transplanted_into_germfree_mice	qiime_study_1513	qiime_experiment_1513:570330:54	Mmm.St1.Input1.599529.gz_run						3983549	9e3fe512a4e737ffd15279f930b538f0	ftp.sra.ebi.ac.uk/vol1/run/ERR488/ERR488495/Mmm.St1.Input1.599529.gz	fasp.sra.ebi.ac.uk:/vol1/run/ERR488/ERR488495/Mmm.St1.Input1.599529.gz	ftp.sra.ebi.ac.uk/vol1/run/ERR488/ERR488495/Mmm.St1.Input1.599529.gz	FASTA									qiime_study_1513:Mmm.St1.Input1		Mmm.St1.Input1		########
PRJEB6163	ERP005635	SAMEA2474117	ERS443509	ERX454328	ERR488496	ERA302995	410661	mouse gut metagenome	LS454	unspecified	Mcec.St4.I1.C1.M5.D28.FP:50		SINGLE	POOLCLONE	METAGENOMIC	PCR			CCME-COLORADO	########	########	unspecified sequencing; qiime_experiment_1513:570331:50	xenomicrobiota_transplanted_into_germfree_mice	qiime_study_1513	qiime_experiment_1513:570331:50	Mcec.St4.I1.C1.M5.D28.FP.599554.gz_run						6969221	6f1ff55d756b040ef5ef00190827c1ef	ftp.sra.ebi.ac.uk/vol1/run/ERR488/ERR488496/Mcec.St4.I1.C1.M5.D28.FP.599554.gz	fasp.sra.ebi.ac.uk:/vol1/run/ERR488/ERR488496/Mcec.St4.I1.C1.M5.D28.FP.599554.gz	ftp.sra.ebi.ac.uk/vol1/run/ERR488/ERR488496/Mcec.St4.I1.C1.M5.D28.FP.599554.gz	FASTA									qiime_study_1513:Mcec.St4.I1.C1.M5.D28.FP		Mcec.St4.I1.C1.M5.D28.FP		########
PRJEB6163	ERP005635	SAMEA2474118	ERS443510	ERX454329	ERR488497	ERA302995	410661	mouse gut metagenome	LS454	unspecified	Comp.St4.I1.C3.M4.D7.FP:26		SINGLE	POOLCLONE	METAGENOMIC	PCR			CCME-COLORADO	########	########	unspecified sequencing; qiime_experiment_1513:570332:26	xenomicrobiota_transplanted_into_germfree_mice	qiime_study_1513	qiime_experiment_1513:570332:26	Comp.St4.I1.C3.M4.D7.FP.599560.gz_run						9533828	a50ddd0450e2a6e6f7781cc4a0e19ffd	ftp.sra.ebi.ac.uk/vol1/run/ERR488/ERR488497/Comp.St4.I1.C3.M4.D7.FP.599560.gz	fasp.sra.ebi.ac.uk:/vol1/run/ERR488/ERR488497/Comp.St4.I1.C3.M4.D7.FP.599560.gz	ftp.sra.ebi.ac.uk/vol1/run/ERR488/ERR488497/Comp.St4.I1.C3.M4.D7.FP.599560.gz	FASTA									qiime_study_1513:Comp.St4.I1.C3.M4.D7.FP		Comp.St4.I1.C3.M4.D7.FP		########
PRJEB6163	ERP005635	SAMEA2474119	ERS443511	ERX454330	ERR488498	ERA302995	410661	mouse gut metagenome	LS454	unspecified	ThgB.St2.I3.C1.M2.D14.FP:75		SINGLE	POOLCLONE	METAGENOMIC	PCR			CCME-COLORADO	########	########	unspecified sequencing; qiime_experiment_1513:570333:75	xenomicrobiota_transplanted_into_germfree_mice	qiime_study_1513	qiime_experiment_1513:570333:75	ThgB.St2.I3.C1.M2.D14.FP.599518.gz_run						7492874	3581c8134e6db771875a96ec8ae66429	ftp.sra.ebi.ac.uk/vol1/run/ERR488/ERR488498/ThgB.St2.I3.C1.M2.D14.FP.599518.gz	fasp.sra.ebi.ac.uk:/vol1/run/ERR488/ERR488498/ThgB.St2.I3.C1.M2.D14.FP.599518.gz	ftp.sra.ebi.ac.uk/vol1/run/ERR488/ERR488498/ThgB.St2.I3.C1.M2.D14.FP.599518.gz	FASTA									qiime_study_1513:ThgB.St2.I3.C1.M2.D14.FP		ThgB.St2.I3.C1.M2.D14.FP		########
PRJEB6163	ERP005635	SAMEA2474120	ERS443512	ERX454331	ERR488499	ERA302995	410661	mouse gut metagenome	LS454	unspecified	Hfec.St1.I2.C1.M3.D28.Ce:29		SINGLE	POOLCLONE	METAGENOMIC	PCR			CCME-COLORADO	########	########	unspecified sequencing; qiime_experiment_1513:570334:29	xenomicrobiota_transplanted_into_germfree_mice	qiime_study_1513	qiime_experiment_1513:570334:29	Hfec.St1.I2.C1.M3.D28.Ce.599517.gz_run						6786313	631f503f14149e4ab5d0a7e2e9500974	ftp.sra.ebi.ac.uk/vol1/run/ERR488/ERR488499/Hfec.St1.I2.C1.M3.D28.Ce.599517.gz	fasp.sra.ebi.ac.uk:/vol1/run/ERR488/ERR488499/Hfec.St1.I2.C1.M3.D28.Ce.599517.gz	ftp.sra.ebi.ac.uk/vol1/run/ERR488/ERR488499/Hfec.St1.I2.C1.M3.D28.Ce.599517.gz	FASTA									qiime_study_1513:Hfec.St1.I2.C1.M3.D28.Ce		Hfec.St1.I2.C1.M3.D28.Ce		########
PRJEB6163	ERP005635	SAMEA2474121	ERS443513	ERX454332	ERR488500	ERA302995	410661	mouse gut metagenome	LS454	unspecified	Comp.St3.I3.C1.M4.D3.FP:11		SINGLE	POOLCLONE	METAGENOMIC	PCR			CCME-COLORADO	########	########	unspecified sequencing; qiime_experiment_1513:570335:11	xenomicrobiota_transplanted_into_germfree_mice	qiime_study_1513	qiime_experiment_1513:570335:11	Comp.St3.I3.C1.M4.D3.FP.599580.gz_run						12170765	87c7a4d8e5fd1f02d282bcba007a9191	ftp.sra.ebi.ac.uk/vol1/run/ERR488/ERR488500/Comp.St3.I3.C1.M4.D3.FP.599580.gz	fasp.sra.ebi.ac.uk:/vol1/run/ERR488/ERR488500/Comp.St3.I3.C1.M4.D3.FP.599580.gz	ftp.sra.ebi.ac.uk/vol1/run/ERR488/ERR488500/Comp.St3.I3.C1.M4.D3.FP.599580.gz	FASTA									qiime_study_1513:Comp.St3.I3.C1.M4.D3.FP		Comp.St3.I3.C1.M4.D3.FP		########
PRJEB6163	ERP005635	SAMEA2474122	ERS443514	ERX454333	ERR488501	ERA302995	410661	mouse gut metagenome	LS454	unspecified	Comp.St4.I1.C2.M2.D7.FP:21		SINGLE	POOLCLONE	METAGENOMIC	PCR			CCME-COLORADO	########	########	unspecified sequencing; qiime_experiment_1513:570336:21	xenomicrobiota_transplanted_into_germfree_mice	qiime_study_1513	qiime_experiment_1513:570336:21	Comp.St4.I1.C2.M2.D7.FP.599570.gz_run						5530326	2da9ca3cf7ca694398e0d01519c4e7db	ftp.sra.ebi.ac.uk/vol1/run/ERR488/ERR488501/Comp.St4.I1.C2.M2.D7.FP.599570.gz	fasp.sra.ebi.ac.uk:/vol1/run/ERR488/ERR488501/Comp.St4.I1.C2.M2.D7.FP.599570.gz	ftp.sra.ebi.ac.uk/vol1/run/ERR488/ERR488501/Comp.St4.I1.C2.M2.D7.FP.599570.gz	FASTA									qiime_study_1513:Comp.St4.I1.C2.M2.D7.FP		Comp.St4.I1.C2.M2.D7.FP		########
PRJEB6163	ERP005635	SAMEA2474123	ERS443515	ERX454334	ERR488502	ERA302995	410661	mouse gut metagenome	LS454	unspecified	Htng.St1.I3.C1.M2.D28.Ce:36		SINGLE	POOLCLONE	METAGENOMIC	PCR			CCME-COLORADO	########	########	unspecified sequencing; qiime_experiment_1513:570337:36	xenomicrobiota_transplanted_into_germfree_mice	qiime_study_1513	qiime_experiment_1513:570337:36	Htng.St1.I3.C1.M2.D28.Ce.599548.gz_run						6586173	750993c43d8ef8c5c3aae069eed5b89f	ftp.sra.ebi.ac.uk/vol1/run/ERR488/ERR488502/Htng.St1.I3.C1.M2.D28.Ce.599548.gz	fasp.sra.ebi.ac.uk:/vol1/run/ERR488/ERR488502/Htng.St1.I3.C1.M2.D28.Ce.599548.gz	ftp.sra.ebi.ac.uk/vol1/run/ERR488/ERR488502/Htng.St1.I3.C1.M2.D28.Ce.599548.gz	FASTA									qiime_study_1513:Htng.St1.I3.C1.M2.D28.Ce		Htng.St1.I3.C1.M2.D28.Ce		########
PRJEB6163	ERP005635	SAMEA2474124	ERS443516	ERX454335	ERR488503	ERA302995	410661	mouse gut metagenome	LS454	unspecified	Comp.St4.I1.C1.M3.D3.FP:15		SINGLE	POOLCLONE	METAGENOMIC	PCR			CCME-COLORADO	########	########	unspecified sequencing; qiime_experiment_1513:570338:15	xenomicrobiota_transplanted_into_germfree_mice	qiime_study_1513	qiime_experiment_1513:570338:15	Comp.St4.I1.C1.M3.D3.FP.599559.gz_run						3701733	01f66cd81407230c034734ccbc8ac963	ftp.sra.ebi.ac.uk/vol1/run/ERR488/ERR488503/Comp.St4.I1.C1.M3.D3.FP.599559.gz	fasp.sra.ebi.ac.uk:/vol1/run/ERR488/ERR488503/Comp.St4.I1.C1.M3.D3.FP.599559.gz	ftp.sra.ebi.ac.uk/vol1/run/ERR488/ERR488503/Comp.St4.I1.C1.M3.D3.FP.599559.gz	FASTA									qiime_study_1513:Comp.St4.I1.C1.M3.D3.FP		Comp.St4.I1.C1.M3.D3.FP		########
PRJEB6163	ERP005635	SAMEA2474125	ERS443517	ERX454336	ERR488504	ERA302995	410661	mouse gut metagenome	LS454	unspecified	Soil.St2.I4.C1.M6.D14.FP:64		SINGLE	POOLCLONE	METAGENOMIC	PCR			CCME-COLORADO	########	########	unspecified sequencing; qiime_experiment_1513:570339:64	xenomicrobiota_transplanted_into_germfree_mice	qiime_study_1513	qiime_experiment_1513:570339:64	Soil.St2.I4.C1.M6.D14.FP.599599.gz_run						4976695	cb487d1b9eb0ac484d4971ad9c74e973	ftp.sra.ebi.ac.uk/vol1/run/ERR488/ERR488504/Soil.St2.I4.C1.M6.D14.FP.599599.gz	fasp.sra.ebi.ac.uk:/vol1/run/ERR488/ERR488504/Soil.St2.I4.C1.M6.D14.FP.599599.gz	ftp.sra.ebi.ac.uk/vol1/run/ERR488/ERR488504/Soil.St2.I4.C1.M6.D14.FP.599599.gz	FASTA									qiime_study_1513:Soil.St2.I4.C1.M6.D14.FP		Soil.St2.I4.C1.M6.D14.FP		########
PRJEB6163	ERP005635	SAMEA2474126	ERS443518	ERX454337	ERR488505	ERA302995	410661	mouse gut metagenome	LS454	unspecified	Comp.St4.I1.C3.M4.D1.FP:22		SINGLE	POOLCLONE	METAGENOMIC	PCR			CCME-COLORADO	########	########	unspecified sequencing; qiime_experiment_1513:570340:22	xenomicrobiota_transplanted_into_germfree_mice	qiime_study_1513	qiime_experiment_1513:570340:22	Comp.St4.I1.C3.M4.D1.FP.599540.gz_run						17500831	160290cd2f2f43bb2978e1141e8bbc3b	ftp.sra.ebi.ac.uk/vol1/run/ERR488/ERR488505/Comp.St4.I1.C3.M4.D1.FP.599540.gz	fasp.sra.ebi.ac.uk:/vol1/run/ERR488/ERR488505/Comp.St4.I1.C3.M4.D1.FP.599540.gz	ftp.sra.ebi.ac.uk/vol1/run/ERR488/ERR488505/Comp.St4.I1.C3.M4.D1.FP.599540.gz	FASTA									qiime_study_1513:Comp.St4.I1.C3.M4.D1.FP		Comp.St4.I1.C3.M4.D1.FP		########
PRJEB6163	ERP005635	SAMEA2474127	ERS443519	ERX454338	ERR488506	ERA302995	496924	fish metagenome	LS454	unspecified	Zgut.St1.Input1:83		SINGLE	POOLCLONE	METAGENOMIC	PCR			CCME-COLORADO	########	########	unspecified sequencing; qiime_experiment_1513:570341:83	xenomicrobiota_transplanted_into_germfree_mice	qiime_study_1513	qiime_experiment_1513:570341:83	Zgut.St1.Input1.599535.gz_run						800749	bbe1b106c09ac9613f490801c4bf0563	ftp.sra.ebi.ac.uk/vol1/run/ERR488/ERR488506/Zgut.St1.Input1.599535.gz	fasp.sra.ebi.ac.uk:/vol1/run/ERR488/ERR488506/Zgut.St1.Input1.599535.gz	ftp.sra.ebi.ac.uk/vol1/run/ERR488/ERR488506/Zgut.St1.Input1.599535.gz	FASTA									qiime_study_1513:Zgut.St1.Input1		Zgut.St1.Input1		########
PRJEB6163	ERP005635	SAMEA2474128	ERS443520	ERX454339	ERR488507	ERA302995	410661	mouse gut metagenome	LS454	unspecified	Comp.St3.I2.C1.M2.D1.FP:4		SINGLE	POOLCLONE	METAGENOMIC	PCR			CCME-COLORADO	########	########	unspecified sequencing; qiime_experiment_1513:570342:4	xenomicrobiota_transplanted_into_germfree_mice	qiime_study_1513	qiime_experiment_1513:570342:4	Comp.St3.I2.C1.M2.D1.FP.599526.gz_run						7127360	4550d95cb1f3fd02ca2af122b86deba3	ftp.sra.ebi.ac.uk/vol1/run/ERR488/ERR488507/Comp.St3.I2.C1.M2.D1.FP.599526.gz	fasp.sra.ebi.ac.uk:/vol1/run/ERR488/ERR488507/Comp.St3.I2.C1.M2.D1.FP.599526.gz	ftp.sra.ebi.ac.uk/vol1/run/ERR488/ERR488507/Comp.St3.I2.C1.M2.D1.FP.599526.gz	FASTA									qiime_study_1513:Comp.St3.I2.C1.M2.D1.FP		Comp.St3.I2.C1.M2.D1.FP		########
PRJEB6163	ERP005635	SAMEA2474129	ERS443521	ERX454340	ERR488508	ERA302995	410661	mouse gut metagenome	LS454	unspecified	Soil.St2.I4.C1.M3.D14.FP:62		SINGLE	POOLCLONE	METAGENOMIC	PCR			CCME-COLORADO	########	########	unspecified sequencing; qiime_experiment_1513:570343:62	xenomicrobiota_transplanted_into_germfree_mice	qiime_study_1513	qiime_experiment_1513:570343:62	Soil.St2.I4.C1.M3.D14.FP.599578.gz_run						5965840	f6e0d2eb56ab73fc6a593ca601020c66	ftp.sra.ebi.ac.uk/vol1/run/ERR488/ERR488508/Soil.St2.I4.C1.M3.D14.FP.599578.gz	fasp.sra.ebi.ac.uk:/vol1/run/ERR488/ERR488508/Soil.St2.I4.C1.M3.D14.FP.599578.gz	ftp.sra.ebi.ac.uk/vol1/run/ERR488/ERR488508/Soil.St2.I4.C1.M3.D14.FP.599578.gz	FASTA									qiime_study_1513:Soil.St2.I4.C1.M3.D14.FP		Soil.St2.I4.C1.M3.D14.FP		########
PRJEB6163	ERP005635	SAMEA2474130	ERS443522	ERX454341	ERR488509	ERA302995	410661	mouse gut metagenome	LS454	unspecified	ThgB.St1.I7.C1.M3.D14.FP:72		SINGLE	POOLCLONE	METAGENOMIC	PCR			CCME-COLORADO	########	########	unspecified sequencing; qiime_experiment_1513:570344:72	xenomicrobiota_transplanted_into_germfree_mice	qiime_study_1513	qiime_experiment_1513:570344:72	ThgB.St1.I7.C1.M3.D14.FP.599539.gz_run						5693864	e323dc6a1333c3a1a270a6ba4637b6f9	ftp.sra.ebi.ac.uk/vol1/run/ERR488/ERR488509/ThgB.St1.I7.C1.M3.D14.FP.599539.gz	fasp.sra.ebi.ac.uk:/vol1/run/ERR488/ERR488509/ThgB.St1.I7.C1.M3.D14.FP.599539.gz	ftp.sra.ebi.ac.uk/vol1/run/ERR488/ERR488509/ThgB.St1.I7.C1.M3.D14.FP.599539.gz	FASTA									qiime_study_1513:ThgB.St1.I7.C1.M3.D14.FP		ThgB.St1.I7.C1.M3.D14.FP		########
PRJEB6163	ERP005635	SAMEA2474131	ERS443523	ERX454342	ERR488510	ERA302995	410661	mouse gut metagenome	LS454	unspecified	Comp.St4.I1.C2.M2.D3.FP:20		SINGLE	POOLCLONE	METAGENOMIC	PCR			CCME-COLORADO	########	########	unspecified sequencing; qiime_experiment_1513:570345:20	xenomicrobiota_transplanted_into_germfree_mice	qiime_study_1513	qiime_experiment_1513:570345:20	Comp.St4.I1.C2.M2.D3.FP.599577.gz_run						4059292	a4327c9783c34f03973c00be128b0cb7	ftp.sra.ebi.ac.uk/vol1/run/ERR488/ERR488510/Comp.St4.I1.C2.M2.D3.FP.599577.gz	fasp.sra.ebi.ac.uk:/vol1/run/ERR488/ERR488510/Comp.St4.I1.C2.M2.D3.FP.599577.gz	ftp.sra.ebi.ac.uk/vol1/run/ERR488/ERR488510/Comp.St4.I1.C2.M2.D3.FP.599577.gz	FASTA									qiime_study_1513:Comp.St4.I1.C2.M2.D3.FP		Comp.St4.I1.C2.M2.D3.FP		########
PRJEB6163	ERP005635	SAMEA2474132	ERS443524	ERX454343	ERR488511	ERA302995	410661	mouse gut metagenome	LS454	unspecified	Comp.St3.I1.C1.M3.D2.FP:1		SINGLE	POOLCLONE	METAGENOMIC	PCR			CCME-COLORADO	########	########	unspecified sequencing; qiime_experiment_1513:570346:1	xenomicrobiota_transplanted_into_germfree_mice	qiime_study_1513	qiime_experiment_1513:570346:1	Comp.St3.I1.C1.M3.D2.FP.599566.gz_run						13416689	160b087d15065e32e90aa2ce45108ed2	ftp.sra.ebi.ac.uk/vol1/run/ERR488/ERR488511/Comp.St3.I1.C1.M3.D2.FP.599566.gz	fasp.sra.ebi.ac.uk:/vol1/run/ERR488/ERR488511/Comp.St3.I1.C1.M3.D2.FP.599566.gz	ftp.sra.ebi.ac.uk/vol1/run/ERR488/ERR488511/Comp.St3.I1.C1.M3.D2.FP.599566.gz	FASTA									qiime_study_1513:Comp.St3.I1.C1.M3.D2.FP		Comp.St3.I1.C1.M3.D2.FP		########
PRJEB6163	ERP005635	SAMEA2474133	ERS443525	ERX454344	ERR488512	ERA302995	410661	mouse gut metagenome	LS454	unspecified	Hskn.St1.I4.C1.M2.D28.Ce:32		SINGLE	POOLCLONE	METAGENOMIC	PCR			CCME-COLORADO	########	########	unspecified sequencing; qiime_experiment_1513:570347:32	xenomicrobiota_transplanted_into_germfree_mice	qiime_study_1513	qiime_experiment_1513:570347:32	Hskn.St1.I4.C1.M2.D28.Ce.599551.gz_run						8196766	7de8a5570534f27e971fe0f23b43c5f0	ftp.sra.ebi.ac.uk/vol1/run/ERR488/ERR488512/Hskn.St1.I4.C1.M2.D28.Ce.599551.gz	fasp.sra.ebi.ac.uk:/vol1/run/ERR488/ERR488512/Hskn.St1.I4.C1.M2.D28.Ce.599551.gz	ftp.sra.ebi.ac.uk/vol1/run/ERR488/ERR488512/Hskn.St1.I4.C1.M2.D28.Ce.599551.gz	FASTA									qiime_study_1513:Hskn.St1.I4.C1.M2.D28.Ce		Hskn.St1.I4.C1.M2.D28.Ce		########
PRJEB6163	ERP005635	SAMEA2474134	ERS443526	ERX454345	ERR488513	ERA302995	410661	mouse gut metagenome	LS454	unspecified	Zgut.St1.I5.C1.M3.D28.Ce:82		SINGLE	POOLCLONE	METAGENOMIC	PCR			CCME-COLORADO	########	########	unspecified sequencing; qiime_experiment_1513:570348:82	xenomicrobiota_transplanted_into_germfree_mice	qiime_study_1513	qiime_experiment_1513:570348:82	Zgut.St1.I5.C1.M3.D28.Ce.599514.gz_run						8974761	4eb3b45ee4867ee9b1b99adea447aa77	ftp.sra.ebi.ac.uk/vol1/run/ERR488/ERR488513/Zgut.St1.I5.C1.M3.D28.Ce.599514.gz	fasp.sra.ebi.ac.uk:/vol1/run/ERR488/ERR488513/Zgut.St1.I5.C1.M3.D28.Ce.599514.gz	ftp.sra.ebi.ac.uk/vol1/run/ERR488/ERR488513/Zgut.St1.I5.C1.M3.D28.Ce.599514.gz	FASTA									qiime_study_1513:Zgut.St1.I5.C1.M3.D28.Ce		Zgut.St1.I5.C1.M3.D28.Ce		########
PRJEB6163	ERP005635	SAMEA2474135	ERS443527	ERX454346	ERR488514	ERA302995	410661	mouse gut metagenome	LS454	unspecified	Comp.St3.I3.C1.M4.D21.FP:10		SINGLE	POOLCLONE	METAGENOMIC	PCR			CCME-COLORADO	########	########	unspecified sequencing; qiime_experiment_1513:570349:10	xenomicrobiota_transplanted_into_germfree_mice	qiime_study_1513	qiime_experiment_1513:570349:10	Comp.St3.I3.C1.M4.D21.FP.599550.gz_run						10270687	7ea396b9943128227f897bbb47d0e054	ftp.sra.ebi.ac.uk/vol1/run/ERR488/ERR488514/Comp.St3.I3.C1.M4.D21.FP.599550.gz	fasp.sra.ebi.ac.uk:/vol1/run/ERR488/ERR488514/Comp.St3.I3.C1.M4.D21.FP.599550.gz	ftp.sra.ebi.ac.uk/vol1/run/ERR488/ERR488514/Comp.St3.I3.C1.M4.D21.FP.599550.gz	FASTA									qiime_study_1513:Comp.St3.I3.C1.M4.D21.FP		Comp.St3.I3.C1.M4.D21.FP		########
PRJEB6163	ERP005635	SAMEA2474136	ERS443528	ERX454347	ERR488515	ERA302995	410661	mouse gut metagenome	LS454	unspecified	Soil.St2.I4.C1.M5.D14.FP:63		SINGLE	POOLCLONE	METAGENOMIC	PCR			CCME-COLORADO	########	########	unspecified sequencing; qiime_experiment_1513:570350:63	xenomicrobiota_transplanted_into_germfree_mice	qiime_study_1513	qiime_experiment_1513:570350:63	Soil.St2.I4.C1.M5.D14.FP.599562.gz_run						5323373	e60616ab4fd855cce88be2a49bd47759	ftp.sra.ebi.ac.uk/vol1/run/ERR488/ERR488515/Soil.St2.I4.C1.M5.D14.FP.599562.gz	fasp.sra.ebi.ac.uk:/vol1/run/ERR488/ERR488515/Soil.St2.I4.C1.M5.D14.FP.599562.gz	ftp.sra.ebi.ac.uk/vol1/run/ERR488/ERR488515/Soil.St2.I4.C1.M5.D14.FP.599562.gz	FASTA									qiime_study_1513:Soil.St2.I4.C1.M5.D14.FP		Soil.St2.I4.C1.M5.D14.FP		########
PRJEB6163	ERP005635	SAMEA2474137	ERS443529	ERX454348	ERR488516	ERA302995	410661	mouse gut metagenome	LS454	unspecified	Mcec.St1.I1.C1.M1.D28.Ce:39		SINGLE	POOLCLONE	METAGENOMIC	PCR			CCME-COLORADO	########	########	unspecified sequencing; qiime_experiment_1513:570351:39	xenomicrobiota_transplanted_into_germfree_mice	qiime_study_1513	qiime_experiment_1513:570351:39	Mcec.St1.I1.C1.M1.D28.Ce.599525.gz_run						3755161	3c70f28c9df0b64bd2f4faf53a854ddf	ftp.sra.ebi.ac.uk/vol1/run/ERR488/ERR488516/Mcec.St1.I1.C1.M1.D28.Ce.599525.gz	fasp.sra.ebi.ac.uk:/vol1/run/ERR488/ERR488516/Mcec.St1.I1.C1.M1.D28.Ce.599525.gz	ftp.sra.ebi.ac.uk/vol1/run/ERR488/ERR488516/Mcec.St1.I1.C1.M1.D28.Ce.599525.gz	FASTA									qiime_study_1513:Mcec.St1.I1.C1.M1.D28.Ce		Mcec.St1.I1.C1.M1.D28.Ce		########
PRJEB6163	ERP005635	SAMEA2474138	ERS443530	ERX454349	ERR488517	ERA302995	410661	mouse gut metagenome	LS454	unspecified	Zgut.St1.I5.C1.M2.D28.Ce:80		SINGLE	POOLCLONE	METAGENOMIC	PCR			CCME-COLORADO	########	########	unspecified sequencing; qiime_experiment_1513:570352:80	xenomicrobiota_transplanted_into_germfree_mice	qiime_study_1513	qiime_experiment_1513:570352:80	Zgut.St1.I5.C1.M2.D28.Ce.599532.gz_run						7197062	a29afe820ef1e9ec0b691c537ba32416	ftp.sra.ebi.ac.uk/vol1/run/ERR488/ERR488517/Zgut.St1.I5.C1.M2.D28.Ce.599532.gz	fasp.sra.ebi.ac.uk:/vol1/run/ERR488/ERR488517/Zgut.St1.I5.C1.M2.D28.Ce.599532.gz	ftp.sra.ebi.ac.uk/vol1/run/ERR488/ERR488517/Zgut.St1.I5.C1.M2.D28.Ce.599532.gz	FASTA									qiime_study_1513:Zgut.St1.I5.C1.M2.D28.Ce		Zgut.St1.I5.C1.M2.D28.Ce		########
PRJEB6163	ERP005635	SAMEA2474139	ERS443531	ERX454350	ERR488518	ERA302995	410661	mouse gut metagenome	LS454	unspecified	Soil.St1.I11.C1.M3.D14.FP:59		SINGLE	POOLCLONE	METAGENOMIC	PCR			CCME-COLORADO	########	########	unspecified sequencing; qiime_experiment_1513:570353:59	xenomicrobiota_transplanted_into_germfree_mice	qiime_study_1513	qiime_experiment_1513:570353:59	Soil.St1.I11.C1.M3.D14.FP.599590.gz_run						3443613	6560ef4a1a963487d40388ae358f0d1d	ftp.sra.ebi.ac.uk/vol1/run/ERR488/ERR488518/Soil.St1.I11.C1.M3.D14.FP.599590.gz	fasp.sra.ebi.ac.uk:/vol1/run/ERR488/ERR488518/Soil.St1.I11.C1.M3.D14.FP.599590.gz	ftp.sra.ebi.ac.uk/vol1/run/ERR488/ERR488518/Soil.St1.I11.C1.M3.D14.FP.599590.gz	FASTA									qiime_study_1513:Soil.St1.I11.C1.M3.D14.FP		Soil.St1.I11.C1.M3.D14.FP		########
PRJEB6163	ERP005635	SAMEA2474140	ERS443532	ERX454351	ERR488519	ERA302995	410661	mouse gut metagenome	LS454	unspecified	Zgut.St2.I2.C1.M6.D14.FP:86		SINGLE	POOLCLONE	METAGENOMIC	PCR			CCME-COLORADO	########	########	unspecified sequencing; qiime_experiment_1513:570354:86	xenomicrobiota_transplanted_into_germfree_mice	qiime_study_1513	qiime_experiment_1513:570354:86	Zgut.St2.I2.C1.M6.D14.FP.599572.gz_run						5475104	76372e557a1f442adb748b0b9525521e	ftp.sra.ebi.ac.uk/vol1/run/ERR488/ERR488519/Zgut.St2.I2.C1.M6.D14.FP.599572.gz	fasp.sra.ebi.ac.uk:/vol1/run/ERR488/ERR488519/Zgut.St2.I2.C1.M6.D14.FP.599572.gz	ftp.sra.ebi.ac.uk/vol1/run/ERR488/ERR488519/Zgut.St2.I2.C1.M6.D14.FP.599572.gz	FASTA									qiime_study_1513:Zgut.St2.I2.C1.M6.D14.FP		Zgut.St2.I2.C1.M6.D14.FP		########
PRJEB6163	ERP005635	SAMEA2474141	ERS443533	ERX454352	ERR488520	ERA302995	410661	mouse gut metagenome	LS454	unspecified	Comp.St3.I1.C1.M3.D1.FP:0		SINGLE	POOLCLONE	METAGENOMIC	PCR			CCME-COLORADO	########	########	unspecified sequencing; qiime_experiment_1513:570355:0	xenomicrobiota_transplanted_into_germfree_mice	qiime_study_1513	qiime_experiment_1513:570355:0	Comp.St3.I1.C1.M3.D1.FP.599593.gz_run						6285374	2a8fd59adba1047a9d4dd55863e8f3c6	ftp.sra.ebi.ac.uk/vol1/run/ERR488/ERR488520/Comp.St3.I1.C1.M3.D1.FP.599593.gz	fasp.sra.ebi.ac.uk:/vol1/run/ERR488/ERR488520/Comp.St3.I1.C1.M3.D1.FP.599593.gz	ftp.sra.ebi.ac.uk/vol1/run/ERR488/ERR488520/Comp.St3.I1.C1.M3.D1.FP.599593.gz	FASTA									qiime_study_1513:Comp.St3.I1.C1.M3.D1.FP		Comp.St3.I1.C1.M3.D1.FP		########
PRJEB6163	ERP005635	SAMEA2474142	ERS443534	ERX454353	ERR488521	ERA302995	410661	mouse gut metagenome	LS454	unspecified	Hfec.St1.I2.C1.M1.D28.Ce:27		SINGLE	POOLCLONE	METAGENOMIC	PCR			CCME-COLORADO	########	########	unspecified sequencing; qiime_experiment_1513:570356:27	xenomicrobiota_transplanted_into_germfree_mice	qiime_study_1513	qiime_experiment_1513:570356:27	Hfec.St1.I2.C1.M1.D28.Ce.599534.gz_run						2879523	5144e2e37a80eb7301ab7f8907463906	ftp.sra.ebi.ac.uk/vol1/run/ERR488/ERR488521/Hfec.St1.I2.C1.M1.D28.Ce.599534.gz	fasp.sra.ebi.ac.uk:/vol1/run/ERR488/ERR488521/Hfec.St1.I2.C1.M1.D28.Ce.599534.gz	ftp.sra.ebi.ac.uk/vol1/run/ERR488/ERR488521/Hfec.St1.I2.C1.M1.D28.Ce.599534.gz	FASTA									qiime_study_1513:Hfec.St1.I2.C1.M1.D28.Ce		Hfec.St1.I2.C1.M1.D28.Ce		########
PRJEB6163	ERP005635	SAMEA2474143	ERS443535	ERX454354	ERR488522	ERA302995	539655	human skin metagenome	LS454	unspecified	Hskn.St1.Input1:34		SINGLE	POOLCLONE	METAGENOMIC	PCR			CCME-COLORADO	########	########	unspecified sequencing; qiime_experiment_1513:570357:34	xenomicrobiota_transplanted_into_germfree_mice	qiime_study_1513	qiime_experiment_1513:570357:34	Hskn.St1.Input1.599542.gz_run						4129970	92cc90dbe19927d78702c5a4222d3a40	ftp.sra.ebi.ac.uk/vol1/run/ERR488/ERR488522/Hskn.St1.Input1.599542.gz	fasp.sra.ebi.ac.uk:/vol1/run/ERR488/ERR488522/Hskn.St1.Input1.599542.gz	ftp.sra.ebi.ac.uk/vol1/run/ERR488/ERR488522/Hskn.St1.Input1.599542.gz	FASTA									qiime_study_1513:Hskn.St1.Input1		Hskn.St1.Input1		########
PRJEB6163	ERP005635	SAMEA2474144	ERS443536	ERX454355	ERR488523	ERA302995	410661	mouse gut metagenome	LS454	unspecified	Comp.St4.I1.C3.M4.D3.FP:25		SINGLE	POOLCLONE	METAGENOMIC	PCR			CCME-COLORADO	########	########	unspecified sequencing; qiime_experiment_1513:570358:25	xenomicrobiota_transplanted_into_germfree_mice	qiime_study_1513	qiime_experiment_1513:570358:25	Comp.St4.I1.C3.M4.D3.FP.599592.gz_run						5126821	b21d3e0dc5be9ba3884e3f4efb1490db	ftp.sra.ebi.ac.uk/vol1/run/ERR488/ERR488523/Comp.St4.I1.C3.M4.D3.FP.599592.gz	fasp.sra.ebi.ac.uk:/vol1/run/ERR488/ERR488523/Comp.St4.I1.C3.M4.D3.FP.599592.gz	ftp.sra.ebi.ac.uk/vol1/run/ERR488/ERR488523/Comp.St4.I1.C3.M4.D3.FP.599592.gz	FASTA									qiime_study_1513:Comp.St4.I1.C3.M4.D3.FP		Comp.St4.I1.C3.M4.D3.FP		########
PRJEB6163	ERP005635	SAMEA2474145	ERS443537	ERX454356	ERR488524	ERA302995	410661	mouse gut metagenome	LS454	unspecified	Mcec.St2.I1.C1.M5.D14.FP:47		SINGLE	POOLCLONE	METAGENOMIC	PCR			CCME-COLORADO	########	########	unspecified sequencing; qiime_experiment_1513:570359:47	xenomicrobiota_transplanted_into_germfree_mice	qiime_study_1513	qiime_experiment_1513:570359:47	Mcec.St2.I1.C1.M5.D14.FP.599563.gz_run						8557376	20fcd8c1860358e4d10cab7e84923a80	ftp.sra.ebi.ac.uk/vol1/run/ERR488/ERR488524/Mcec.St2.I1.C1.M5.D14.FP.599563.gz	fasp.sra.ebi.ac.uk:/vol1/run/ERR488/ERR488524/Mcec.St2.I1.C1.M5.D14.FP.599563.gz	ftp.sra.ebi.ac.uk/vol1/run/ERR488/ERR488524/Mcec.St2.I1.C1.M5.D14.FP.599563.gz	FASTA									qiime_study_1513:Mcec.St2.I1.C1.M5.D14.FP		Mcec.St2.I1.C1.M5.D14.FP		########
PRJEB6163	ERP005635	SAMEA2474146	ERS443538	ERX454357	ERR488525	ERA302995	410661	mouse gut metagenome	LS454	unspecified	Hskn.St1.I4.C1.M1.D28.Ce:31		SINGLE	POOLCLONE	METAGENOMIC	PCR			CCME-COLORADO	########	########	unspecified sequencing; qiime_experiment_1513:570360:31	xenomicrobiota_transplanted_into_germfree_mice	qiime_study_1513	qiime_experiment_1513:570360:31	Hskn.St1.I4.C1.M1.D28.Ce.599530.gz_run						8271725	780a613f718c39b4fb6c9726880d716d	ftp.sra.ebi.ac.uk/vol1/run/ERR488/ERR488525/Hskn.St1.I4.C1.M1.D28.Ce.599530.gz	fasp.sra.ebi.ac.uk:/vol1/run/ERR488/ERR488525/Hskn.St1.I4.C1.M1.D28.Ce.599530.gz	ftp.sra.ebi.ac.uk/vol1/run/ERR488/ERR488525/Hskn.St1.I4.C1.M1.D28.Ce.599530.gz	FASTA									qiime_study_1513:Hskn.St1.I4.C1.M1.D28.Ce		Hskn.St1.I4.C1.M1.D28.Ce		########
PRJEB6163	ERP005635	SAMEA2474147	ERS443539	ERX454358	ERR488526	ERA302995	410661	mouse gut metagenome	LS454	unspecified	ThgA.St1.I6.C1.M2.D28.Ce:66		SINGLE	POOLCLONE	METAGENOMIC	PCR			CCME-COLORADO	########	########	unspecified sequencing; qiime_experiment_1513:570361:66	xenomicrobiota_transplanted_into_germfree_mice	qiime_study_1513	qiime_experiment_1513:570361:66	ThgA.St1.I6.C1.M2.D28.Ce.599591.gz_run						7862917	59c2b5b46de60edde32417bc910ae23b	ftp.sra.ebi.ac.uk/vol1/run/ERR488/ERR488526/ThgA.St1.I6.C1.M2.D28.Ce.599591.gz	fasp.sra.ebi.ac.uk:/vol1/run/ERR488/ERR488526/ThgA.St1.I6.C1.M2.D28.Ce.599591.gz	ftp.sra.ebi.ac.uk/vol1/run/ERR488/ERR488526/ThgA.St1.I6.C1.M2.D28.Ce.599591.gz	FASTA									qiime_study_1513:ThgA.St1.I6.C1.M2.D28.Ce		ThgA.St1.I6.C1.M2.D28.Ce		########
PRJEB6163	ERP005635	SAMEA2474148	ERS443540	ERX454359	ERR488527	ERA302995	410661	mouse gut metagenome	LS454	unspecified	ThgB.St1.I7.C1.M1.D32.Ce:69		SINGLE	POOLCLONE	METAGENOMIC	PCR			CCME-COLORADO	########	########	unspecified sequencing; qiime_experiment_1513:570362:69	xenomicrobiota_transplanted_into_germfree_mice	qiime_study_1513	qiime_experiment_1513:570362:69	ThgB.St1.I7.C1.M1.D32.Ce.599595.gz_run						4518806	5911b6a4bbe19445fda53487ecfaa25e	ftp.sra.ebi.ac.uk/vol1/run/ERR488/ERR488527/ThgB.St1.I7.C1.M1.D32.Ce.599595.gz	fasp.sra.ebi.ac.uk:/vol1/run/ERR488/ERR488527/ThgB.St1.I7.C1.M1.D32.Ce.599595.gz	ftp.sra.ebi.ac.uk/vol1/run/ERR488/ERR488527/ThgB.St1.I7.C1.M1.D32.Ce.599595.gz	FASTA									qiime_study_1513:ThgB.St1.I7.C1.M1.D32.Ce		ThgB.St1.I7.C1.M1.D32.Ce		########
PRJEB6163	ERP005635	SAMEA2474149	ERS443541	ERX454360	ERR488528	ERA302995	410661	mouse gut metagenome	LS454	unspecified	Comp.St4.I1.C2.M2.D28.FP:19		SINGLE	POOLCLONE	METAGENOMIC	PCR			CCME-COLORADO	########	########	unspecified sequencing; qiime_experiment_1513:570363:19	xenomicrobiota_transplanted_into_germfree_mice	qiime_study_1513	qiime_experiment_1513:570363:19	Comp.St4.I1.C2.M2.D28.FP.599587.gz_run						14017907	66ef128f372fad5160656ae74c9c82b3	ftp.sra.ebi.ac.uk/vol1/run/ERR488/ERR488528/Comp.St4.I1.C2.M2.D28.FP.599587.gz	fasp.sra.ebi.ac.uk:/vol1/run/ERR488/ERR488528/Comp.St4.I1.C2.M2.D28.FP.599587.gz	ftp.sra.ebi.ac.uk/vol1/run/ERR488/ERR488528/Comp.St4.I1.C2.M2.D28.FP.599587.gz	FASTA									qiime_study_1513:Comp.St4.I1.C2.M2.D28.FP		Comp.St4.I1.C2.M2.D28.FP		########
PRJEB6163	ERP005635	SAMEA2474150	ERS443542	ERX454361	ERR488529	ERA302995	410661	mouse gut metagenome	LS454	unspecified	Soil.St1.I11.C1.M2.D14.FP:57		SINGLE	POOLCLONE	METAGENOMIC	PCR			CCME-COLORADO	########	########	unspecified sequencing; qiime_experiment_1513:570364:57	xenomicrobiota_transplanted_into_germfree_mice	qiime_study_1513	qiime_experiment_1513:570364:57	Soil.St1.I11.C1.M2.D14.FP.599561.gz_run						10920955	b3d7c35c67dfb1efaddf10e44a853080	ftp.sra.ebi.ac.uk/vol1/run/ERR488/ERR488529/Soil.St1.I11.C1.M2.D14.FP.599561.gz	fasp.sra.ebi.ac.uk:/vol1/run/ERR488/ERR488529/Soil.St1.I11.C1.M2.D14.FP.599561.gz	ftp.sra.ebi.ac.uk/vol1/run/ERR488/ERR488529/Soil.St1.I11.C1.M2.D14.FP.599561.gz	FASTA									qiime_study_1513:Soil.St1.I11.C1.M2.D14.FP		Soil.St1.I11.C1.M2.D14.FP		########
PRJEB6163	ERP005635	SAMEA2474151	ERS443543	ERX454362	ERR488530	ERA302995	410661	mouse gut metagenome	LS454	unspecified	Comp.St3.I3.C1.M4.D1.FP:8		SINGLE	POOLCLONE	METAGENOMIC	PCR			CCME-COLORADO	########	########	unspecified sequencing; qiime_experiment_1513:570365:8	xenomicrobiota_transplanted_into_germfree_mice	qiime_study_1513	qiime_experiment_1513:570365:8	Comp.St3.I3.C1.M4.D1.FP.599589.gz_run						7763577	777988dc26f43b1a6a9c983e0cc225ea	ftp.sra.ebi.ac.uk/vol1/run/ERR488/ERR488530/Comp.St3.I3.C1.M4.D1.FP.599589.gz	fasp.sra.ebi.ac.uk:/vol1/run/ERR488/ERR488530/Comp.St3.I3.C1.M4.D1.FP.599589.gz	ftp.sra.ebi.ac.uk/vol1/run/ERR488/ERR488530/Comp.St3.I3.C1.M4.D1.FP.599589.gz	FASTA									qiime_study_1513:Comp.St3.I3.C1.M4.D1.FP		Comp.St3.I3.C1.M4.D1.FP		########
PRJEB6163	ERP005635	SAMEA2474152	ERS443544	ERX454363	ERR488531	ERA302995	410661	mouse gut metagenome	LS454	unspecified	Comp.St4.I1.C1.M3.D1.FP:12		SINGLE	POOLCLONE	METAGENOMIC	PCR			CCME-COLORADO	########	########	unspecified sequencing; qiime_experiment_1513:570366:12	xenomicrobiota_transplanted_into_germfree_mice	qiime_study_1513	qiime_experiment_1513:570366:12	Comp.St4.I1.C1.M3.D1.FP.599543.gz_run						8841481	105b1d4e9f13b7439e4c4adb01941ed1	ftp.sra.ebi.ac.uk/vol1/run/ERR488/ERR488531/Comp.St4.I1.C1.M3.D1.FP.599543.gz	fasp.sra.ebi.ac.uk:/vol1/run/ERR488/ERR488531/Comp.St4.I1.C1.M3.D1.FP.599543.gz	ftp.sra.ebi.ac.uk/vol1/run/ERR488/ERR488531/Comp.St4.I1.C1.M3.D1.FP.599543.gz	FASTA									qiime_study_1513:Comp.St4.I1.C1.M3.D1.FP		Comp.St4.I1.C1.M3.D1.FP		########
PRJEB6163	ERP005635	SAMEA2474153	ERS443545	ERX454364	ERR488532	ERA302995	410661	mouse gut metagenome	LS454	unspecified	Mcec.St1.Input1:44		SINGLE	POOLCLONE	METAGENOMIC	PCR			CCME-COLORADO	########	########	unspecified sequencing; qiime_experiment_1513:570367:44	xenomicrobiota_transplanted_into_germfree_mice	qiime_study_1513	qiime_experiment_1513:570367:44	Mcec.St1.Input1.599575.gz_run						10250846	b9e10bc269c43427f221a3655c647b88	ftp.sra.ebi.ac.uk/vol1/run/ERR488/ERR488532/Mcec.St1.Input1.599575.gz	fasp.sra.ebi.ac.uk:/vol1/run/ERR488/ERR488532/Mcec.St1.Input1.599575.gz	ftp.sra.ebi.ac.uk/vol1/run/ERR488/ERR488532/Mcec.St1.Input1.599575.gz	FASTA									qiime_study_1513:Mcec.St1.Input1		Mcec.St1.Input1		########
PRJDB4882	DRP003134	SAMD00052881	DRS030096	DRX055816	DRR061572	DRA004759	539655	human skin metagenome	LS454	454 GS FLX Titanium			SINGLE	WGS	GENOMIC	PCR	3369	1759054	UCSD	########	########	454 GS FLX Titanium sequencing; 454 GS FLX Titanium sequencing of SAMD00052881	Staphylococcus aureus exploits epidermal barrier defects in atopic dermatitis to trigger cytokine expression	DRP003134	DRX055816	DRR061572	617259	b19d1c5bc10c894fbf76722e86f2c041	ftp.sra.ebi.ac.uk/vol1/fastq/DRR061/DRR061572/DRR061572.fastq.gz	fasp.sra.ebi.ac.uk:/vol1/fastq/DRR061/DRR061572/DRR061572.fastq.gz	ftp.sra.ebi.ac.uk/vol1/fastq/DRR061/DRR061572/DRR061572.fastq.gz							3839581	1ab9a33aa1fcad6a88f38ba9b97f510d	ftp.sra.ebi.ac.uk/vol1/drr/DRR061/DRR061572	fasp.sra.ebi.ac.uk:/vol1/drr/DRR061/DRR061572	ftp.sra.ebi.ac.uk/vol1/drr/DRR061/DRR061572				SAMD00052881		Patient 1		########
PRJDB4882	DRP003134	SAMD00052882	DRS030097	DRX055817	DRR061573	DRA004759	539655	human skin metagenome	LS454	454 GS FLX Titanium			SINGLE	WGS	GENOMIC	PCR	7251	3670033	UCSD	########	########	454 GS FLX Titanium sequencing; 454 GS FLX Titanium sequencing of SAMD00052882	Staphylococcus aureus exploits epidermal barrier defects in atopic dermatitis to trigger cytokine expression	DRP003134	DRX055817	DRR061573	1341792	0b27f9dd797d0ffe98519d1c9c126a3e	ftp.sra.ebi.ac.uk/vol1/fastq/DRR061/DRR061573/DRR061573.fastq.gz	fasp.sra.ebi.ac.uk:/vol1/fastq/DRR061/DRR061573/DRR061573.fastq.gz	ftp.sra.ebi.ac.uk/vol1/fastq/DRR061/DRR061573/DRR061573.fastq.gz							8102184	7fb56c5b6c60effbbdb7f5a945f13661	ftp.sra.ebi.ac.uk/vol1/drr/DRR061/DRR061573	fasp.sra.ebi.ac.uk:/vol1/drr/DRR061/DRR061573	ftp.sra.ebi.ac.uk/vol1/drr/DRR061/DRR061573				SAMD00052882		Patient 1		########
PRJDB4882	DRP003134	SAMD00052883	DRS030098	DRX055818	DRR061574	DRA004759	539655	human skin metagenome	LS454	454 GS FLX Titanium			SINGLE	WGS	GENOMIC	PCR	9181	4805641	UCSD	########	########	454 GS FLX Titanium sequencing; 454 GS FLX Titanium sequencing of SAMD00052883	Staphylococcus aureus exploits epidermal barrier defects in atopic dermatitis to trigger cytokine expression	DRP003134	DRX055818	DRR061574	1633516	7a70d042982e8a691567efdb83745ce9	ftp.sra.ebi.ac.uk/vol1/fastq/DRR061/DRR061574/DRR061574.fastq.gz	fasp.sra.ebi.ac.uk:/vol1/fastq/DRR061/DRR061574/DRR061574.fastq.gz	ftp.sra.ebi.ac.uk/vol1/fastq/DRR061/DRR061574/DRR061574.fastq.gz							10429527	dd186291d196f95ac77f65619831f89e	ftp.sra.ebi.ac.uk/vol1/drr/DRR061/DRR061574	fasp.sra.ebi.ac.uk:/vol1/drr/DRR061/DRR061574	ftp.sra.ebi.ac.uk/vol1/drr/DRR061/DRR061574				SAMD00052883		Patient 1		########
PRJDB4882	DRP003134	SAMD00052884	DRS030099	DRX055819	DRR061575	DRA004759	539655	human skin metagenome	LS454	454 GS FLX Titanium			SINGLE	WGS	GENOMIC	PCR	7887	4174297	UCSD	########	########	454 GS FLX Titanium sequencing; 454 GS FLX Titanium sequencing of SAMD00052884	Staphylococcus aureus exploits epidermal barrier defects in atopic dermatitis to trigger cytokine expression	DRP003134	DRX055819	DRR061575	1190882	3c480d7da6478f7776691d98f5f77f43	ftp.sra.ebi.ac.uk/vol1/fastq/DRR061/DRR061575/DRR061575.fastq.gz	fasp.sra.ebi.ac.uk:/vol1/fastq/DRR061/DRR061575/DRR061575.fastq.gz	ftp.sra.ebi.ac.uk/vol1/fastq/DRR061/DRR061575/DRR061575.fastq.gz							8899013	90d84238613e88e2b5a068f7c5d40c10	ftp.sra.ebi.ac.uk/vol1/drr/DRR061/DRR061575	fasp.sra.ebi.ac.uk:/vol1/drr/DRR061/DRR061575	ftp.sra.ebi.ac.uk/vol1/drr/DRR061/DRR061575				SAMD00052884		Patient 1		########
PRJDB4882	DRP003134	SAMD00052885	DRS030100	DRX055820	DRR061576	DRA004759	539655	human skin metagenome	LS454	454 GS FLX Titanium			SINGLE	WGS	GENOMIC	PCR	59848	31917801	UCSD	########	########	454 GS FLX Titanium sequencing; 454 GS FLX Titanium sequencing of SAMD00052885	Staphylococcus aureus exploits epidermal barrier defects in atopic dermatitis to trigger cytokine expression	DRP003134	DRX055820	DRR061576	9100311	26543b821b5f98a0a3e3cfb57819cf63	ftp.sra.ebi.ac.uk/vol1/fastq/DRR061/DRR061576/DRR061576.fastq.gz	fasp.sra.ebi.ac.uk:/vol1/fastq/DRR061/DRR061576/DRR061576.fastq.gz	ftp.sra.ebi.ac.uk/vol1/fastq/DRR061/DRR061576/DRR061576.fastq.gz							67865358	77bf972ff5785728303852b91e6e5cbf	ftp.sra.ebi.ac.uk/vol1/drr/DRR061/DRR061576	fasp.sra.ebi.ac.uk:/vol1/drr/DRR061/DRR061576	ftp.sra.ebi.ac.uk/vol1/drr/DRR061/DRR061576				SAMD00052885		Patient 2		########
PRJDB4882	DRP003134	SAMD00052886	DRS030101	DRX055821	DRR061577	DRA004759	539655	human skin metagenome	LS454	454 GS FLX Titanium			SINGLE	WGS	GENOMIC	PCR	7195	3724295	UCSD	########	########	454 GS FLX Titanium sequencing; 454 GS FLX Titanium sequencing of SAMD00052886	Staphylococcus aureus exploits epidermal barrier defects in atopic dermatitis to trigger cytokine expression	DRP003134	DRX055821	DRR061577	1069429	16f8f75e96d8742cf4ed0de4db2e9e42	ftp.sra.ebi.ac.uk/vol1/fastq/DRR061/DRR061577/DRR061577.fastq.gz	fasp.sra.ebi.ac.uk:/vol1/fastq/DRR061/DRR061577/DRR061577.fastq.gz	ftp.sra.ebi.ac.uk/vol1/fastq/DRR061/DRR061577/DRR061577.fastq.gz							8031513	21d04647b3bb6711b844bee917b3afba	ftp.sra.ebi.ac.uk/vol1/drr/DRR061/DRR061577	fasp.sra.ebi.ac.uk:/vol1/drr/DRR061/DRR061577	ftp.sra.ebi.ac.uk/vol1/drr/DRR061/DRR061577				SAMD00052886		Patient 2		########
PRJDB4882	DRP003134	SAMD00052887	DRS030102	DRX055822	DRR061578	DRA004759	539655	human skin metagenome	LS454	454 GS FLX Titanium			SINGLE	WGS	GENOMIC	PCR	6168	3234039	UCSD	########	########	454 GS FLX Titanium sequencing; 454 GS FLX Titanium sequencing of SAMD00052887	Staphylococcus aureus exploits epidermal barrier defects in atopic dermatitis to trigger cytokine expression	DRP003134	DRX055822	DRR061578	917746	7dea556ffe03545654bcbb389bcad2ab	ftp.sra.ebi.ac.uk/vol1/fastq/DRR061/DRR061578/DRR061578.fastq.gz	fasp.sra.ebi.ac.uk:/vol1/fastq/DRR061/DRR061578/DRR061578.fastq.gz	ftp.sra.ebi.ac.uk/vol1/fastq/DRR061/DRR061578/DRR061578.fastq.gz							6985734	3146a7b754335735906d565ef6686402	ftp.sra.ebi.ac.uk/vol1/drr/DRR061/DRR061578	fasp.sra.ebi.ac.uk:/vol1/drr/DRR061/DRR061578	ftp.sra.ebi.ac.uk/vol1/drr/DRR061/DRR061578				SAMD00052887		Patient 2		########
PRJDB4882	DRP003134	SAMD00052888	DRS030103	DRX055823	DRR061579	DRA004759	539655	human skin metagenome	LS454	454 GS FLX Titanium			SINGLE	WGS	GENOMIC	PCR	2117	1137249	UCSD	########	########	454 GS FLX Titanium sequencing; 454 GS FLX Titanium sequencing of SAMD00052888	Staphylococcus aureus exploits epidermal barrier defects in atopic dermatitis to trigger cytokine expression	DRP003134	DRX055823	DRR061579	368354	3dac94c07bad7143334878e4bd8e1125	ftp.sra.ebi.ac.uk/vol1/fastq/DRR061/DRR061579/DRR061579.fastq.gz	fasp.sra.ebi.ac.uk:/vol1/fastq/DRR061/DRR061579/DRR061579.fastq.gz	ftp.sra.ebi.ac.uk/vol1/fastq/DRR061/DRR061579/DRR061579.fastq.gz							2496703	fa01d6527cae0f39d5b913a22576f424	ftp.sra.ebi.ac.uk/vol1/drr/DRR061/DRR061579	fasp.sra.ebi.ac.uk:/vol1/drr/DRR061/DRR061579	ftp.sra.ebi.ac.uk/vol1/drr/DRR061/DRR061579				SAMD00052888		Patient 2		########
PRJDB4882	DRP003134	SAMD00052889	DRS030104	DRX055824	DRR061580	DRA004759	539655	human skin metagenome	LS454	454 GS FLX Titanium			SINGLE	WGS	GENOMIC	PCR	8898	4663062	UCSD	########	########	454 GS FLX Titanium sequencing; 454 GS FLX Titanium sequencing of SAMD00052889	Staphylococcus aureus exploits epidermal barrier defects in atopic dermatitis to trigger cytokine expression	DRP003134	DRX055824	DRR061580	1610948	5bc329f197656d46b6a1dec8189e081f	ftp.sra.ebi.ac.uk/vol1/fastq/DRR061/DRR061580/DRR061580.fastq.gz	fasp.sra.ebi.ac.uk:/vol1/fastq/DRR061/DRR061580/DRR061580.fastq.gz	ftp.sra.ebi.ac.uk/vol1/fastq/DRR061/DRR061580/DRR061580.fastq.gz							10083035	9d38e7fdc54d49bf4b2da5bc00d0af01	ftp.sra.ebi.ac.uk/vol1/drr/DRR061/DRR061580	fasp.sra.ebi.ac.uk:/vol1/drr/DRR061/DRR061580	ftp.sra.ebi.ac.uk/vol1/drr/DRR061/DRR061580				SAMD00052889		Patient 3		########
PRJDB4882	DRP003134	SAMD00052890	DRS030105	DRX055825	DRR061581	DRA004759	539655	human skin metagenome	LS454	454 GS FLX Titanium			SINGLE	WGS	GENOMIC	PCR	5614	2845616	UCSD	########	########	454 GS FLX Titanium sequencing; 454 GS FLX Titanium sequencing of SAMD00052890	Staphylococcus aureus exploits epidermal barrier defects in atopic dermatitis to trigger cytokine expression	DRP003134	DRX055825	DRR061581	1044004	641c43f9dda06215d67b96c86b6793a4	ftp.sra.ebi.ac.uk/vol1/fastq/DRR061/DRR061581/DRR061581.fastq.gz	fasp.sra.ebi.ac.uk:/vol1/fastq/DRR061/DRR061581/DRR061581.fastq.gz	ftp.sra.ebi.ac.uk/vol1/fastq/DRR061/DRR061581/DRR061581.fastq.gz							6283889	669320681fe10d63fbc054c87991a21c	ftp.sra.ebi.ac.uk/vol1/drr/DRR061/DRR061581	fasp.sra.ebi.ac.uk:/vol1/drr/DRR061/DRR061581	ftp.sra.ebi.ac.uk/vol1/drr/DRR061/DRR061581				SAMD00052890		Patient 3		########
PRJDB4882	DRP003134	SAMD00052891	DRS030106	DRX055826	DRR061582	DRA004759	539655	human skin metagenome	LS454	454 GS FLX Titanium			SINGLE	WGS	GENOMIC	PCR	11289	5740925	UCSD	########	########	454 GS FLX Titanium sequencing; 454 GS FLX Titanium sequencing of SAMD00052891	Staphylococcus aureus exploits epidermal barrier defects in atopic dermatitis to trigger cytokine expression	DRP003134	DRX055826	DRR061582	1951231	63d15f19197897a179d13b7f2fa6c85e	ftp.sra.ebi.ac.uk/vol1/fastq/DRR061/DRR061582/DRR061582.fastq.gz	fasp.sra.ebi.ac.uk:/vol1/fastq/DRR061/DRR061582/DRR061582.fastq.gz	ftp.sra.ebi.ac.uk/vol1/fastq/DRR061/DRR061582/DRR061582.fastq.gz							12558101	90b0fcb1306805db5376d6e7691fc860	ftp.sra.ebi.ac.uk/vol1/drr/DRR061/DRR061582	fasp.sra.ebi.ac.uk:/vol1/drr/DRR061/DRR061582	ftp.sra.ebi.ac.uk/vol1/drr/DRR061/DRR061582				SAMD00052891		Patient 3		########
PRJDB4882	DRP003134	SAMD00052892	DRS030107	DRX055827	DRR061583	DRA004759	539655	human skin metagenome	LS454	454 GS FLX Titanium			SINGLE	WGS	GENOMIC	PCR	7564	4066281	UCSD	########	########	454 GS FLX Titanium sequencing; 454 GS FLX Titanium sequencing of SAMD00052892	Staphylococcus aureus exploits epidermal barrier defects in atopic dermatitis to trigger cytokine expression	DRP003134	DRX055827	DRR061583	1469155	ffbd49d740fb800189162efc450c0c88	ftp.sra.ebi.ac.uk/vol1/fastq/DRR061/DRR061583/DRR061583.fastq.gz	fasp.sra.ebi.ac.uk:/vol1/fastq/DRR061/DRR061583/DRR061583.fastq.gz	ftp.sra.ebi.ac.uk/vol1/fastq/DRR061/DRR061583/DRR061583.fastq.gz							8830884	8bc9e9a82554ae1b817f18d3feadd754	ftp.sra.ebi.ac.uk/vol1/drr/DRR061/DRR061583	fasp.sra.ebi.ac.uk:/vol1/drr/DRR061/DRR061583	ftp.sra.ebi.ac.uk/vol1/drr/DRR061/DRR061583				SAMD00052892		Patient 3		########
PRJDB4882	DRP003134	SAMD00052893	DRS030108	DRX055828	DRR061584	DRA004759	539655	human skin metagenome	LS454	454 GS FLX Titanium			SINGLE	WGS	GENOMIC	PCR	13299	6703646	UCSD	########	########	454 GS FLX Titanium sequencing; 454 GS FLX Titanium sequencing of SAMD00052893	Staphylococcus aureus exploits epidermal barrier defects in atopic dermatitis to trigger cytokine expression	DRP003134	DRX055828	DRR061584	2402643	48af630f7906c339a0c7536184ce9ce3	ftp.sra.ebi.ac.uk/vol1/fastq/DRR061/DRR061584/DRR061584.fastq.gz	fasp.sra.ebi.ac.uk:/vol1/fastq/DRR061/DRR061584/DRR061584.fastq.gz	ftp.sra.ebi.ac.uk/vol1/fastq/DRR061/DRR061584/DRR061584.fastq.gz							14771504	d540385dd36b8e4ddb4c0e0524049605	ftp.sra.ebi.ac.uk/vol1/drr/DRR061/DRR061584	fasp.sra.ebi.ac.uk:/vol1/drr/DRR061/DRR061584	ftp.sra.ebi.ac.uk/vol1/drr/DRR061/DRR061584				SAMD00052893		Patient 4		########
PRJDB4882	DRP003134	SAMD00052894	DRS030109	DRX055829	DRR061585	DRA004759	539655	human skin metagenome	LS454	454 GS FLX Titanium			SINGLE	WGS	GENOMIC	PCR	1061	532709	UCSD	########	########	454 GS FLX Titanium sequencing; 454 GS FLX Titanium sequencing of SAMD00052894	Staphylococcus aureus exploits epidermal barrier defects in atopic dermatitis to trigger cytokine expression	DRP003134	DRX055829	DRR061585	188164	95b756cf02cbea6da8c99ab59eb441dd	ftp.sra.ebi.ac.uk/vol1/fastq/DRR061/DRR061585/DRR061585.fastq.gz	fasp.sra.ebi.ac.uk:/vol1/fastq/DRR061/DRR061585/DRR061585.fastq.gz	ftp.sra.ebi.ac.uk/vol1/fastq/DRR061/DRR061585/DRR061585.fastq.gz							1228647	e6a7054ccbf262ee50aa45a7aeb7df0d	ftp.sra.ebi.ac.uk/vol1/drr/DRR061/DRR061585	fasp.sra.ebi.ac.uk:/vol1/drr/DRR061/DRR061585	ftp.sra.ebi.ac.uk/vol1/drr/DRR061/DRR061585				SAMD00052894		Patient 4		########
PRJDB4882	DRP003134	SAMD00052895	DRS030110	DRX055830	DRR061586	DRA004759	539655	human skin metagenome	LS454	454 GS FLX Titanium			SINGLE	WGS	GENOMIC	PCR	2234	1144583	UCSD	########	########	454 GS FLX Titanium sequencing; 454 GS FLX Titanium sequencing of SAMD00052895	Staphylococcus aureus exploits epidermal barrier defects in atopic dermatitis to trigger cytokine expression	DRP003134	DRX055830	DRR061586	349869	6289af03e3f544b784e17871981fd7c0	ftp.sra.ebi.ac.uk/vol1/fastq/DRR061/DRR061586/DRR061586.fastq.gz	fasp.sra.ebi.ac.uk:/vol1/fastq/DRR061/DRR061586/DRR061586.fastq.gz	ftp.sra.ebi.ac.uk/vol1/fastq/DRR061/DRR061586/DRR061586.fastq.gz							2535453	c2dce46288c0d335e5b7409a83617e00	ftp.sra.ebi.ac.uk/vol1/drr/DRR061/DRR061586	fasp.sra.ebi.ac.uk:/vol1/drr/DRR061/DRR061586	ftp.sra.ebi.ac.uk/vol1/drr/DRR061/DRR061586				SAMD00052895		Patient 4		########
PRJDB4882	DRP003134	SAMD00052896	DRS030111	DRX055831	DRR061587	DRA004759	539655	human skin metagenome	LS454	454 GS FLX Titanium			SINGLE	WGS	GENOMIC	PCR	1751	892870	UCSD	########	########	454 GS FLX Titanium sequencing; 454 GS FLX Titanium sequencing of SAMD00052896	Staphylococcus aureus exploits epidermal barrier defects in atopic dermatitis to trigger cytokine expression	DRP003134	DRX055831	DRR061587	343775	446835ec067efe1e3569510d3cc68ab7	ftp.sra.ebi.ac.uk/vol1/fastq/DRR061/DRR061587/DRR061587.fastq.gz	fasp.sra.ebi.ac.uk:/vol1/fastq/DRR061/DRR061587/DRR061587.fastq.gz	ftp.sra.ebi.ac.uk/vol1/fastq/DRR061/DRR061587/DRR061587.fastq.gz							2030581	10d206954e14a0dec45de435872b66ae	ftp.sra.ebi.ac.uk/vol1/drr/DRR061/DRR061587	fasp.sra.ebi.ac.uk:/vol1/drr/DRR061/DRR061587	ftp.sra.ebi.ac.uk/vol1/drr/DRR061/DRR061587				SAMD00052896		Patient 4		########
PRJDB4882	DRP003134	SAMD00052897	DRS030112	DRX055832	DRR061588	DRA004759	539655	human skin metagenome	LS454	454 GS FLX Titanium			SINGLE	WGS	GENOMIC	PCR	3531	1959365	UCSD	########	########	454 GS FLX Titanium sequencing; 454 GS FLX Titanium sequencing of SAMD00052897	Staphylococcus aureus exploits epidermal barrier defects in atopic dermatitis to trigger cytokine expression	DRP003134	DRX055832	DRR061588	457927	e285099e1b785020c97d9ea0bb027feb	ftp.sra.ebi.ac.uk/vol1/fastq/DRR061/DRR061588/DRR061588.fastq.gz	fasp.sra.ebi.ac.uk:/vol1/fastq/DRR061/DRR061588/DRR061588.fastq.gz	ftp.sra.ebi.ac.uk/vol1/fastq/DRR061/DRR061588/DRR061588.fastq.gz							4542642	dbd5ed422c435011246de279e4aa844d	ftp.sra.ebi.ac.uk/vol1/drr/DRR061/DRR061588	fasp.sra.ebi.ac.uk:/vol1/drr/DRR061/DRR061588	ftp.sra.ebi.ac.uk/vol1/drr/DRR061/DRR061588				SAMD00052897		Patient 5		########
PRJDB4882	DRP003134	SAMD00052898	DRS030113	DRX055833	DRR061589	DRA004759	539655	human skin metagenome	LS454	454 GS FLX Titanium			SINGLE	WGS	GENOMIC	PCR	22516	11930922	UCSD	########	########	454 GS FLX Titanium sequencing; 454 GS FLX Titanium sequencing of SAMD00052898	Staphylococcus aureus exploits epidermal barrier defects in atopic dermatitis to trigger cytokine expression	DRP003134	DRX055833	DRR061589	3187005	736fba7ae2abd50717a63cfd41abe517	ftp.sra.ebi.ac.uk/vol1/fastq/DRR061/DRR061589/DRR061589.fastq.gz	fasp.sra.ebi.ac.uk:/vol1/fastq/DRR061/DRR061589/DRR061589.fastq.gz	ftp.sra.ebi.ac.uk/vol1/fastq/DRR061/DRR061589/DRR061589.fastq.gz							27406946	d5e1264d225b6081a27390999147366f	ftp.sra.ebi.ac.uk/vol1/drr/DRR061/DRR061589	fasp.sra.ebi.ac.uk:/vol1/drr/DRR061/DRR061589	ftp.sra.ebi.ac.uk/vol1/drr/DRR061/DRR061589				SAMD00052898		Patient 5		########
PRJDB4882	DRP003134	SAMD00052899	DRS030114	DRX055834	DRR061590	DRA004759	539655	human skin metagenome	LS454	454 GS FLX Titanium			SINGLE	WGS	GENOMIC	PCR	17456	9801307	UCSD	########	########	454 GS FLX Titanium sequencing; 454 GS FLX Titanium sequencing of SAMD00052899	Staphylococcus aureus exploits epidermal barrier defects in atopic dermatitis to trigger cytokine expression	DRP003134	DRX055834	DRR061590	2307785	67fae89e6b9891d3bce581b351147a0e	ftp.sra.ebi.ac.uk/vol1/fastq/DRR061/DRR061590/DRR061590.fastq.gz	fasp.sra.ebi.ac.uk:/vol1/fastq/DRR061/DRR061590/DRR061590.fastq.gz	ftp.sra.ebi.ac.uk/vol1/fastq/DRR061/DRR061590/DRR061590.fastq.gz							22403358	b0639791d3bc9928d437646b51a31a3c	ftp.sra.ebi.ac.uk/vol1/drr/DRR061/DRR061590	fasp.sra.ebi.ac.uk:/vol1/drr/DRR061/DRR061590	ftp.sra.ebi.ac.uk/vol1/drr/DRR061/DRR061590				SAMD00052899		Patient 5		########
PRJDB4882	DRP003134	SAMD00052900	DRS030115	DRX055835	DRR061591	DRA004759	539655	human skin metagenome	LS454	454 GS FLX Titanium			SINGLE	WGS	GENOMIC	PCR	5959	3452733	UCSD	########	########	454 GS FLX Titanium sequencing; 454 GS FLX Titanium sequencing of SAMD00052900	Staphylococcus aureus exploits epidermal barrier defects in atopic dermatitis to trigger cytokine expression	DRP003134	DRX055835	DRR061591	691461	40c5867ca687fcfd17cf8fbd602147ed	ftp.sra.ebi.ac.uk/vol1/fastq/DRR061/DRR061591/DRR061591.fastq.gz	fasp.sra.ebi.ac.uk:/vol1/fastq/DRR061/DRR061591/DRR061591.fastq.gz	ftp.sra.ebi.ac.uk/vol1/fastq/DRR061/DRR061591/DRR061591.fastq.gz							7825845	e8839a736e52f48c658d3366096a48af	ftp.sra.ebi.ac.uk/vol1/drr/DRR061/DRR061591	fasp.sra.ebi.ac.uk:/vol1/drr/DRR061/DRR061591	ftp.sra.ebi.ac.uk/vol1/drr/DRR061/DRR061591				SAMD00052900		Patient 5		########