center_name	PRIMARY_ID	EXTERNAL_ID	SUBMITTER_ID	TITLE	TAXON_ID	SCIENTIFIC_NAME	COMMON_NAME	DESCRIPTION	ENA-STUDY	ENA-EXPERIMENT	ENA-RUN	ENA-SUBMISSION	ENA-FASTQ-FILES	ENA-SUBMITTED-FILES	collection date	environment (biome)	environment (feature)	environment (material)	geographic location (country and/or sea)	geographic location (latitude)	geographic location (longitude)	host subject id	human-associated environmental package	investigation type	pcr primers	project name	sequencing method	target gene	ENA-CHECKLIST	ENA-SPOT-COUNT	ENA-BASE-COUNT	ENA-FIRST-PUBLIC	ENA-LAST-UPDATE
MEDICAL UNIVERSITY GRAZ	ERS2294825	SAMEA104693442	11A4	actinic keratosis (AK)	9606	Homo sapiens	human	FFPE	ERP105323	ERX2456808	ERR2437240	ERA1246221	https://www.ebi.ac.uk/ena/portal/api/filereport?accession=ERS2294825&result=read_run&fields=run_accession,fastq_ftp,fastq_md5,fastq_bytes	https://www.ebi.ac.uk/ena/portal/api/filereport?accession=ERS2294825&result=read_run&fields=run_accession,submitted_ftp,submitted_md5,submitted_bytes,submitted_format	2014	human-skin	cutaneous epithelial tumor	skin epithelium	Austria	47.0666667	15.45	11A4	human-associated	metagenome	F27- TCGTCGGCAGCGTCAGATGTGTATAAGAGACAGAGAGTTTGATCCTGGCTCAG;  R357- GTCTCGTGGGCTCGGAGATGTGTATAAGAGACAGCTGCTGCCTYCCGTA	Skin Cancer Microbiome	Illumina MiSeq	16S	ERC000014	222792	133915959	2018-07-23	2018-03-14
MEDICAL UNIVERSITY GRAZ	ERS2294826	SAMEA104693443	12A5	actinic keratosis (AK)	9606	Homo sapiens	human	FFPE	ERP105323	ERX2456809	ERR2437241	ERA1246221	https://www.ebi.ac.uk/ena/portal/api/filereport?accession=ERS2294826&result=read_run&fields=run_accession,fastq_ftp,fastq_md5,fastq_bytes	https://www.ebi.ac.uk/ena/portal/api/filereport?accession=ERS2294826&result=read_run&fields=run_accession,submitted_ftp,submitted_md5,submitted_bytes,submitted_format	2014	human-skin	cutaneous epithelial tumor	skin epithelium	Austria	47.0666667	15.45	12A5	human-associated	metagenome	F27- TCGTCGGCAGCGTCAGATGTGTATAAGAGACAGAGAGTTTGATCCTGGCTCAG;  R357- GTCTCGTGGGCTCGGAGATGTGTATAAGAGACAGCTGCTGCCTYCCGTA	Skin Cancer Microbiome	Illumina MiSeq	16S	ERC000014	486479	292348497	2018-07-23	2018-03-14
MEDICAL UNIVERSITY GRAZ	ERS2294827	SAMEA104693444	13A6	actinic keratosis (AK)	9606	Homo sapiens	human	FFPE	ERP105323	ERX2456810	ERR2437242	ERA1246221	https://www.ebi.ac.uk/ena/portal/api/filereport?accession=ERS2294827&result=read_run&fields=run_accession,fastq_ftp,fastq_md5,fastq_bytes	https://www.ebi.ac.uk/ena/portal/api/filereport?accession=ERS2294827&result=read_run&fields=run_accession,submitted_ftp,submitted_md5,submitted_bytes,submitted_format	2014	human-skin	cutaneous epithelial tumor	skin epithelium	Austria	47.0666667	15.45	13A6	human-associated	metagenome	F27- TCGTCGGCAGCGTCAGATGTGTATAAGAGACAGAGAGTTTGATCCTGGCTCAG;  R357- GTCTCGTGGGCTCGGAGATGTGTATAAGAGACAGCTGCTGCCTYCCGTA	Skin Cancer Microbiome	Illumina MiSeq	16S	ERC000014	252121	151506082	2018-07-23	2018-03-14
MEDICAL UNIVERSITY GRAZ	ERS2294828	SAMEA104693445	14A7	actinic keratosis (AK)	9606	Homo sapiens	human	FFPE	ERP105323	ERX2456811	ERR2437243	ERA1246221	https://www.ebi.ac.uk/ena/portal/api/filereport?accession=ERS2294828&result=read_run&fields=run_accession,fastq_ftp,fastq_md5,fastq_bytes	https://www.ebi.ac.uk/ena/portal/api/filereport?accession=ERS2294828&result=read_run&fields=run_accession,submitted_ftp,submitted_md5,submitted_bytes,submitted_format	2014	human-skin	cutaneous epithelial tumor	skin epithelium	Austria	47.0666667	15.45	14A7	human-associated	metagenome	F27- TCGTCGGCAGCGTCAGATGTGTATAAGAGACAGAGAGTTTGATCCTGGCTCAG;  R357- GTCTCGTGGGCTCGGAGATGTGTATAAGAGACAGCTGCTGCCTYCCGTA	Skin Cancer Microbiome	Illumina MiSeq	16S	ERC000014	188175	113054519	2018-07-23	2018-03-14
MEDICAL UNIVERSITY GRAZ	ERS2294829	SAMEA104693446	15A8	actinic keratosis (AK)	9606	Homo sapiens	human	FFPE	ERP105323	ERX2456812	ERR2437244	ERA1246221	https://www.ebi.ac.uk/ena/portal/api/filereport?accession=ERS2294829&result=read_run&fields=run_accession,fastq_ftp,fastq_md5,fastq_bytes	https://www.ebi.ac.uk/ena/portal/api/filereport?accession=ERS2294829&result=read_run&fields=run_accession,submitted_ftp,submitted_md5,submitted_bytes,submitted_format	2014	human-skin	cutaneous epithelial tumor	skin epithelium	Austria	47.0666667	15.45	15A8	human-associated	metagenome	F27- TCGTCGGCAGCGTCAGATGTGTATAAGAGACAGAGAGTTTGATCCTGGCTCAG;  R357- GTCTCGTGGGCTCGGAGATGTGTATAAGAGACAGCTGCTGCCTYCCGTA	Skin Cancer Microbiome	Illumina MiSeq	16S	ERC000014	426481	256222421	2018-07-23	2018-03-14
MEDICAL UNIVERSITY GRAZ	ERS2294830	SAMEA104693447	16S8	actinic keratosis (AK)	9606	Homo sapiens	human	FFPE	ERP105323	ERX2456813	ERR2437245	ERA1246221	https://www.ebi.ac.uk/ena/portal/api/filereport?accession=ERS2294830&result=read_run&fields=run_accession,fastq_ftp,fastq_md5,fastq_bytes	https://www.ebi.ac.uk/ena/portal/api/filereport?accession=ERS2294830&result=read_run&fields=run_accession,submitted_ftp,submitted_md5,submitted_bytes,submitted_format	2014	human-skin	cutaneous epithelial tumor	skin epithelium	Austria	47.0666667	15.45	16S8	human-associated	metagenome	F27- TCGTCGGCAGCGTCAGATGTGTATAAGAGACAGAGAGTTTGATCCTGGCTCAG;  R357- GTCTCGTGGGCTCGGAGATGTGTATAAGAGACAGCTGCTGCCTYCCGTA	Skin Cancer Microbiome	Illumina MiSeq	16S	ERC000014	368344	221375434	2018-07-23	2018-03-14
MEDICAL UNIVERSITY GRAZ	ERS2294831	SAMEA104693448	26A9	actinic keratosis (AK)	9606	Homo sapiens	human	FFPE	ERP105323	ERX2456823	ERR2437255	ERA1246221	https://www.ebi.ac.uk/ena/portal/api/filereport?accession=ERS2294831&result=read_run&fields=run_accession,fastq_ftp,fastq_md5,fastq_bytes	https://www.ebi.ac.uk/ena/portal/api/filereport?accession=ERS2294831&result=read_run&fields=run_accession,submitted_ftp,submitted_md5,submitted_bytes,submitted_format	2014	human-skin	cutaneous epithelial tumor	skin epithelium	Austria	47.0666667	15.45	26A9	human-associated	metagenome	F27- TCGTCGGCAGCGTCAGATGTGTATAAGAGACAGAGAGTTTGATCCTGGCTCAG;  R357- GTCTCGTGGGCTCGGAGATGTGTATAAGAGACAGCTGCTGCCTYCCGTA	Skin Cancer Microbiome	Illumina MiSeq	16S	ERC000014	168414	101197208	2018-07-23	2018-03-14
MEDICAL UNIVERSITY GRAZ	ERS2294832	SAMEA104693449	53A10	actinic keratosis (AK)	9606	Homo sapiens	human	FFPE	ERP105323	ERX2456840	ERR2437272	ERA1246221	https://www.ebi.ac.uk/ena/portal/api/filereport?accession=ERS2294832&result=read_run&fields=run_accession,fastq_ftp,fastq_md5,fastq_bytes	https://www.ebi.ac.uk/ena/portal/api/filereport?accession=ERS2294832&result=read_run&fields=run_accession,submitted_ftp,submitted_md5,submitted_bytes,submitted_format	2014	human-skin	cutaneous epithelial tumor	skin epithelium	Austria	47.0666667	15.45	53A10	human-associated	metagenome	F27- TCGTCGGCAGCGTCAGATGTGTATAAGAGACAGAGAGTTTGATCCTGGCTCAG;  R357- GTCTCGTGGGCTCGGAGATGTGTATAAGAGACAGCTGCTGCCTYCCGTA	Skin Cancer Microbiome	Illumina MiSeq	16S	ERC000014	282958	169964446	2018-07-23	2018-03-14
MEDICAL UNIVERSITY GRAZ	ERS2294833	SAMEA104693450	5S5	actinic keratosis (AK)	9606	Homo sapiens	human	FFPE	ERP105323	ERX2456841	ERR2437273	ERA1246221	https://www.ebi.ac.uk/ena/portal/api/filereport?accession=ERS2294833&result=read_run&fields=run_accession,fastq_ftp,fastq_md5,fastq_bytes	https://www.ebi.ac.uk/ena/portal/api/filereport?accession=ERS2294833&result=read_run&fields=run_accession,submitted_ftp,submitted_md5,submitted_bytes,submitted_format	2014	human-skin	cutaneous epithelial tumor	skin epithelium	Austria	47.0666667	15.45	5S5	human-associated	metagenome	F27- TCGTCGGCAGCGTCAGATGTGTATAAGAGACAGAGAGTTTGATCCTGGCTCAG;  R357- GTCTCGTGGGCTCGGAGATGTGTATAAGAGACAGCTGCTGCCTYCCGTA	Skin Cancer Microbiome	Illumina MiSeq	16S	ERC000014	148116	88948021	2018-07-23	2018-03-14
MEDICAL UNIVERSITY GRAZ	ERS2294834	SAMEA104693451	8A1	actinic keratosis (AK)	9606	Homo sapiens	human	FFPE	ERP105323	ERX2456842	ERR2437274	ERA1246221	https://www.ebi.ac.uk/ena/portal/api/filereport?accession=ERS2294834&result=read_run&fields=run_accession,fastq_ftp,fastq_md5,fastq_bytes	https://www.ebi.ac.uk/ena/portal/api/filereport?accession=ERS2294834&result=read_run&fields=run_accession,submitted_ftp,submitted_md5,submitted_bytes,submitted_format	2014	human-skin	cutaneous epithelial tumor	skin epithelium	Austria	47.0666667	15.45	8A1	human-associated	metagenome	F27- TCGTCGGCAGCGTCAGATGTGTATAAGAGACAGAGAGTTTGATCCTGGCTCAG;  R357- GTCTCGTGGGCTCGGAGATGTGTATAAGAGACAGCTGCTGCCTYCCGTA	Skin Cancer Microbiome	Illumina MiSeq	16S	ERC000014	173745	104421376	2018-07-23	2018-03-14
MEDICAL UNIVERSITY GRAZ	ERS2294835	SAMEA104693452	9A2	actinic keratosis (AK)	9606	Homo sapiens	human	FFPE	ERP105323	ERX2456843	ERR2437275	ERA1246221	https://www.ebi.ac.uk/ena/portal/api/filereport?accession=ERS2294835&result=read_run&fields=run_accession,fastq_ftp,fastq_md5,fastq_bytes	https://www.ebi.ac.uk/ena/portal/api/filereport?accession=ERS2294835&result=read_run&fields=run_accession,submitted_ftp,submitted_md5,submitted_bytes,submitted_format	2014	human-skin	cutaneous epithelial tumor	skin epithelium	Austria	47.0666667	15.45	9A2	human-associated	metagenome	F27- TCGTCGGCAGCGTCAGATGTGTATAAGAGACAGAGAGTTTGATCCTGGCTCAG;  R357- GTCTCGTGGGCTCGGAGATGTGTATAAGAGACAGCTGCTGCCTYCCGTA	Skin Cancer Microbiome	Illumina MiSeq	16S	ERC000014	366387	220222687	2018-07-23	2018-03-14
MEDICAL UNIVERSITY GRAZ	ERS2294836	SAMEA104693453	18S9	cutaneous squamous cell carcinoma (cSCC)	9606	Homo sapiens	human	FFPE	ERP105323	ERX2456814	ERR2437246	ERA1246221	https://www.ebi.ac.uk/ena/portal/api/filereport?accession=ERS2294836&result=read_run&fields=run_accession,fastq_ftp,fastq_md5,fastq_bytes	https://www.ebi.ac.uk/ena/portal/api/filereport?accession=ERS2294836&result=read_run&fields=run_accession,submitted_ftp,submitted_md5,submitted_bytes,submitted_format	2014	human-skin	cutaneous epithelial tumor	skin epithelium	Austria	47.0666667	15.45	18S9	human-associated	metagenome	F27- TCGTCGGCAGCGTCAGATGTGTATAAGAGACAGAGAGTTTGATCCTGGCTCAG;  R357- GTCTCGTGGGCTCGGAGATGTGTATAAGAGACAGCTGCTGCCTYCCGTA	Skin Cancer Microbiome	Illumina MiSeq	16S	ERC000014	366501	220116040	2018-07-23	2018-03-14
MEDICAL UNIVERSITY GRAZ	ERS2294837	SAMEA104693454	19S10	cutaneous squamous cell carcinoma (cSCC)	9606	Homo sapiens	human	FFPE	ERP105323	ERX2456815	ERR2437247	ERA1246221	https://www.ebi.ac.uk/ena/portal/api/filereport?accession=ERS2294837&result=read_run&fields=run_accession,fastq_ftp,fastq_md5,fastq_bytes	https://www.ebi.ac.uk/ena/portal/api/filereport?accession=ERS2294837&result=read_run&fields=run_accession,submitted_ftp,submitted_md5,submitted_bytes,submitted_format	2014	human-skin	cutaneous epithelial tumor	skin epithelium	Austria	47.0666667	15.45	19S10	human-associated	metagenome	F27- TCGTCGGCAGCGTCAGATGTGTATAAGAGACAGAGAGTTTGATCCTGGCTCAG;  R357- GTCTCGTGGGCTCGGAGATGTGTATAAGAGACAGCTGCTGCCTYCCGTA	Skin Cancer Microbiome	Illumina MiSeq	16S	ERC000014	182568	109707848	2018-07-23	2018-03-14
MEDICAL UNIVERSITY GRAZ	ERS2294838	SAMEA104693455	1S1	cutaneous squamous cell carcinoma (cSCC)	9606	Homo sapiens	human	FFPE	ERP105323	ERX2456816	ERR2437248	ERA1246221	https://www.ebi.ac.uk/ena/portal/api/filereport?accession=ERS2294838&result=read_run&fields=run_accession,fastq_ftp,fastq_md5,fastq_bytes	https://www.ebi.ac.uk/ena/portal/api/filereport?accession=ERS2294838&result=read_run&fields=run_accession,submitted_ftp,submitted_md5,submitted_bytes,submitted_format	2014	human-skin	cutaneous epithelial tumor	skin epithelium	Austria	47.0666667	15.45	1S1	human-associated	metagenome	F27- TCGTCGGCAGCGTCAGATGTGTATAAGAGACAGAGAGTTTGATCCTGGCTCAG;  R357- GTCTCGTGGGCTCGGAGATGTGTATAAGAGACAGCTGCTGCCTYCCGTA	Skin Cancer Microbiome	Illumina MiSeq	16S	ERC000014	186828	112293703	2018-07-23	2018-03-14
MEDICAL UNIVERSITY GRAZ	ERS2294839	SAMEA104693456	20S11	cutaneous squamous cell carcinoma (cSCC)	9606	Homo sapiens	human	FFPE	ERP105323	ERX2456817	ERR2437249	ERA1246221	https://www.ebi.ac.uk/ena/portal/api/filereport?accession=ERS2294839&result=read_run&fields=run_accession,fastq_ftp,fastq_md5,fastq_bytes	https://www.ebi.ac.uk/ena/portal/api/filereport?accession=ERS2294839&result=read_run&fields=run_accession,submitted_ftp,submitted_md5,submitted_bytes,submitted_format	2014	human-skin	cutaneous epithelial tumor	skin epithelium	Austria	47.0666667	15.45	20S11	human-associated	metagenome	F27- TCGTCGGCAGCGTCAGATGTGTATAAGAGACAGAGAGTTTGATCCTGGCTCAG;  R357- GTCTCGTGGGCTCGGAGATGTGTATAAGAGACAGCTGCTGCCTYCCGTA	Skin Cancer Microbiome	Illumina MiSeq	16S	ERC000014	201521	121125747	2018-07-23	2018-03-14
MEDICAL UNIVERSITY GRAZ	ERS2294840	SAMEA104693457	21S12	cutaneous squamous cell carcinoma (cSCC)	9606	Homo sapiens	human	FFPE	ERP105323	ERX2456818	ERR2437250	ERA1246221	https://www.ebi.ac.uk/ena/portal/api/filereport?accession=ERS2294840&result=read_run&fields=run_accession,fastq_ftp,fastq_md5,fastq_bytes	https://www.ebi.ac.uk/ena/portal/api/filereport?accession=ERS2294840&result=read_run&fields=run_accession,submitted_ftp,submitted_md5,submitted_bytes,submitted_format	2014	human-skin	cutaneous epithelial tumor	skin epithelium	Austria	47.0666667	15.45	21S12	human-associated	metagenome	F27- TCGTCGGCAGCGTCAGATGTGTATAAGAGACAGAGAGTTTGATCCTGGCTCAG;  R357- GTCTCGTGGGCTCGGAGATGTGTATAAGAGACAGCTGCTGCCTYCCGTA	Skin Cancer Microbiome	Illumina MiSeq	16S	ERC000014	372344	223783095	2018-07-23	2018-03-14
MEDICAL UNIVERSITY GRAZ	ERS2294841	SAMEA104693458	22S13	cutaneous squamous cell carcinoma (cSCC)	9606	Homo sapiens	human	FFPE	ERP105323	ERX2456819	ERR2437251	ERA1246221	https://www.ebi.ac.uk/ena/portal/api/filereport?accession=ERS2294841&result=read_run&fields=run_accession,fastq_ftp,fastq_md5,fastq_bytes	https://www.ebi.ac.uk/ena/portal/api/filereport?accession=ERS2294841&result=read_run&fields=run_accession,submitted_ftp,submitted_md5,submitted_bytes,submitted_format	2014	human-skin	cutaneous epithelial tumor	skin epithelium	Austria	47.0666667	15.45	22S13	human-associated	metagenome	F27- TCGTCGGCAGCGTCAGATGTGTATAAGAGACAGAGAGTTTGATCCTGGCTCAG;  R357- GTCTCGTGGGCTCGGAGATGTGTATAAGAGACAGCTGCTGCCTYCCGTA	Skin Cancer Microbiome	Illumina MiSeq	16S	ERC000014	292876	176000679	2018-07-23	2018-03-14
MEDICAL UNIVERSITY GRAZ	ERS2294842	SAMEA104693459	23S14	cutaneous squamous cell carcinoma (cSCC)	9606	Homo sapiens	human	FFPE	ERP105323	ERX2456820	ERR2437252	ERA1246221	https://www.ebi.ac.uk/ena/portal/api/filereport?accession=ERS2294842&result=read_run&fields=run_accession,fastq_ftp,fastq_md5,fastq_bytes	https://www.ebi.ac.uk/ena/portal/api/filereport?accession=ERS2294842&result=read_run&fields=run_accession,submitted_ftp,submitted_md5,submitted_bytes,submitted_format	2014	human-skin	cutaneous epithelial tumor	skin epithelium	Austria	47.0666667	15.45	23S14	human-associated	metagenome	F27- TCGTCGGCAGCGTCAGATGTGTATAAGAGACAGAGAGTTTGATCCTGGCTCAG;  R357- GTCTCGTGGGCTCGGAGATGTGTATAAGAGACAGCTGCTGCCTYCCGTA	Skin Cancer Microbiome	Illumina MiSeq	16S	ERC000014	568099	341422070	2018-07-23	2018-03-14
MEDICAL UNIVERSITY GRAZ	ERS2294843	SAMEA104693460	24S15	cutaneous squamous cell carcinoma (cSCC)	9606	Homo sapiens	human	FFPE	ERP105323	ERX2456821	ERR2437253	ERA1246221	https://www.ebi.ac.uk/ena/portal/api/filereport?accession=ERS2294843&result=read_run&fields=run_accession,fastq_ftp,fastq_md5,fastq_bytes	https://www.ebi.ac.uk/ena/portal/api/filereport?accession=ERS2294843&result=read_run&fields=run_accession,submitted_ftp,submitted_md5,submitted_bytes,submitted_format	2014	human-skin	cutaneous epithelial tumor	skin epithelium	Austria	47.0666667	15.45	24S15	human-associated	metagenome	F27- TCGTCGGCAGCGTCAGATGTGTATAAGAGACAGAGAGTTTGATCCTGGCTCAG;  R357- GTCTCGTGGGCTCGGAGATGTGTATAAGAGACAGCTGCTGCCTYCCGTA	Skin Cancer Microbiome	Illumina MiSeq	16S	ERC000014	379091	228041871	2018-07-23	2018-03-14
MEDICAL UNIVERSITY GRAZ	ERS2294844	SAMEA104693461	25S16	cutaneous squamous cell carcinoma (cSCC)	9606	Homo sapiens	human	FFPE	ERP105323	ERX2456822	ERR2437254	ERA1246221	https://www.ebi.ac.uk/ena/portal/api/filereport?accession=ERS2294844&result=read_run&fields=run_accession,fastq_ftp,fastq_md5,fastq_bytes	https://www.ebi.ac.uk/ena/portal/api/filereport?accession=ERS2294844&result=read_run&fields=run_accession,submitted_ftp,submitted_md5,submitted_bytes,submitted_format	2014	human-skin	cutaneous epithelial tumor	skin epithelium	Austria	47.0666667	15.45	25S16	human-associated	metagenome	F27- TCGTCGGCAGCGTCAGATGTGTATAAGAGACAGAGAGTTTGATCCTGGCTCAG;  R357- GTCTCGTGGGCTCGGAGATGTGTATAAGAGACAGCTGCTGCCTYCCGTA	Skin Cancer Microbiome	Illumina MiSeq	16S	ERC000014	336130	202000774	2018-07-23	2018-03-14
MEDICAL UNIVERSITY GRAZ	ERS2294845	SAMEA104693462	3S3	cutaneous squamous cell carcinoma (cSCC)	9606	Homo sapiens	human	FFPE	ERP105323	ERX2456834	ERR2437266	ERA1246221	https://www.ebi.ac.uk/ena/portal/api/filereport?accession=ERS2294845&result=read_run&fields=run_accession,fastq_ftp,fastq_md5,fastq_bytes	https://www.ebi.ac.uk/ena/portal/api/filereport?accession=ERS2294845&result=read_run&fields=run_accession,submitted_ftp,submitted_md5,submitted_bytes,submitted_format	2014	human-skin	cutaneous epithelial tumor	skin epithelium	Austria	47.0666667	15.45	3S3	human-associated	metagenome	F27- TCGTCGGCAGCGTCAGATGTGTATAAGAGACAGAGAGTTTGATCCTGGCTCAG;  R357- GTCTCGTGGGCTCGGAGATGTGTATAAGAGACAGCTGCTGCCTYCCGTA	Skin Cancer Microbiome	Illumina MiSeq	16S	ERC000014	446981	268640517	2018-07-23	2018-03-14
MEDICAL UNIVERSITY GRAZ	ERS2294846	SAMEA104693463	4S4	cutaneous squamous cell carcinoma (cSCC)	9606	Homo sapiens	human	FFPE	ERP105323	ERX2456838	ERR2437270	ERA1246221	https://www.ebi.ac.uk/ena/portal/api/filereport?accession=ERS2294846&result=read_run&fields=run_accession,fastq_ftp,fastq_md5,fastq_bytes	https://www.ebi.ac.uk/ena/portal/api/filereport?accession=ERS2294846&result=read_run&fields=run_accession,submitted_ftp,submitted_md5,submitted_bytes,submitted_format	2014	human-skin	cutaneous epithelial tumor	skin epithelium	Austria	47.0666667	15.45	4S4	human-associated	metagenome	F27- TCGTCGGCAGCGTCAGATGTGTATAAGAGACAGAGAGTTTGATCCTGGCTCAG;  R357- GTCTCGTGGGCTCGGAGATGTGTATAAGAGACAGCTGCTGCCTYCCGTA	Skin Cancer Microbiome	Illumina MiSeq	16S	ERC000014	110708	66425476	2018-07-23	2018-03-14
MEDICAL UNIVERSITY GRAZ	ERS2294847	SAMEA104693464	52S17	cutaneous squamous cell carcinoma (cSCC)	9606	Homo sapiens	human	FFPE	ERP105323	ERX2456839	ERR2437271	ERA1246221	https://www.ebi.ac.uk/ena/portal/api/filereport?accession=ERS2294847&result=read_run&fields=run_accession,fastq_ftp,fastq_md5,fastq_bytes	https://www.ebi.ac.uk/ena/portal/api/filereport?accession=ERS2294847&result=read_run&fields=run_accession,submitted_ftp,submitted_md5,submitted_bytes,submitted_format	2014	human-skin	cutaneous epithelial tumor	skin epithelium	Austria	47.0666667	15.45	52S17	human-associated	metagenome	F27- TCGTCGGCAGCGTCAGATGTGTATAAGAGACAGAGAGTTTGATCCTGGCTCAG;  R357- GTCTCGTGGGCTCGGAGATGTGTATAAGAGACAGCTGCTGCCTYCCGTA	Skin Cancer Microbiome	Illumina MiSeq	16S	ERC000014	91014	54680702	2018-07-23	2018-03-14
MEDICAL UNIVERSITY GRAZ	ERS2294848	SAMEA104693465	27B1	basal cell carcinoma (BCC)	9606	Homo sapiens	human	FFPE	ERP105323	ERX2456824	ERR2437256	ERA1246221	https://www.ebi.ac.uk/ena/portal/api/filereport?accession=ERS2294848&result=read_run&fields=run_accession,fastq_ftp,fastq_md5,fastq_bytes	https://www.ebi.ac.uk/ena/portal/api/filereport?accession=ERS2294848&result=read_run&fields=run_accession,submitted_ftp,submitted_md5,submitted_bytes,submitted_format	2014	human-skin	cutaneous epithelial tumor	skin epithelium	Austria	47.0666667	15.45	27B1	human-associated	metagenome	F27- TCGTCGGCAGCGTCAGATGTGTATAAGAGACAGAGAGTTTGATCCTGGCTCAG;  R357- GTCTCGTGGGCTCGGAGATGTGTATAAGAGACAGCTGCTGCCTYCCGTA	Skin Cancer Microbiome	Illumina MiSeq	16S	ERC000014	192188	115487840	2018-07-23	2018-03-14
MEDICAL UNIVERSITY GRAZ	ERS2294849	SAMEA104693466	28B2	basal cell carcinoma (BCC)	9606	Homo sapiens	human	FFPE	ERP105323	ERX2456825	ERR2437257	ERA1246221	https://www.ebi.ac.uk/ena/portal/api/filereport?accession=ERS2294849&result=read_run&fields=run_accession,fastq_ftp,fastq_md5,fastq_bytes	https://www.ebi.ac.uk/ena/portal/api/filereport?accession=ERS2294849&result=read_run&fields=run_accession,submitted_ftp,submitted_md5,submitted_bytes,submitted_format	2014	human-skin	cutaneous epithelial tumor	skin epithelium	Austria	47.0666667	15.45	28B2	human-associated	metagenome	F27- TCGTCGGCAGCGTCAGATGTGTATAAGAGACAGAGAGTTTGATCCTGGCTCAG;  R357- GTCTCGTGGGCTCGGAGATGTGTATAAGAGACAGCTGCTGCCTYCCGTA	Skin Cancer Microbiome	Illumina MiSeq	16S	ERC000014	56893	34187195	2018-07-23	2018-03-14
MEDICAL UNIVERSITY GRAZ	ERS2294850	SAMEA104693467	30B3	basal cell carcinoma (BCC)	9606	Homo sapiens	human	FFPE	ERP105323	ERX2456826	ERR2437258	ERA1246221	https://www.ebi.ac.uk/ena/portal/api/filereport?accession=ERS2294850&result=read_run&fields=run_accession,fastq_ftp,fastq_md5,fastq_bytes	https://www.ebi.ac.uk/ena/portal/api/filereport?accession=ERS2294850&result=read_run&fields=run_accession,submitted_ftp,submitted_md5,submitted_bytes,submitted_format	2014	human-skin	cutaneous epithelial tumor	skin epithelium	Austria	47.0666667	15.45	30B3	human-associated	metagenome	F27- TCGTCGGCAGCGTCAGATGTGTATAAGAGACAGAGAGTTTGATCCTGGCTCAG;  R357- GTCTCGTGGGCTCGGAGATGTGTATAAGAGACAGCTGCTGCCTYCCGTA	Skin Cancer Microbiome	Illumina MiSeq	16S	ERC000014	94852	56998592	2018-07-23	2018-03-14
MEDICAL UNIVERSITY GRAZ	ERS2294851	SAMEA104693468	31B4	basal cell carcinoma (BCC)	9606	Homo sapiens	human	FFPE	ERP105323	ERX2456827	ERR2437259	ERA1246221	https://www.ebi.ac.uk/ena/portal/api/filereport?accession=ERS2294851&result=read_run&fields=run_accession,fastq_ftp,fastq_md5,fastq_bytes	https://www.ebi.ac.uk/ena/portal/api/filereport?accession=ERS2294851&result=read_run&fields=run_accession,submitted_ftp,submitted_md5,submitted_bytes,submitted_format	2014	human-skin	cutaneous epithelial tumor	skin epithelium	Austria	47.0666667	15.45	31B4	human-associated	metagenome	F27- TCGTCGGCAGCGTCAGATGTGTATAAGAGACAGAGAGTTTGATCCTGGCTCAG;  R357- GTCTCGTGGGCTCGGAGATGTGTATAAGAGACAGCTGCTGCCTYCCGTA	Skin Cancer Microbiome	Illumina MiSeq	16S	ERC000014	142554	85680262	2018-07-23	2018-03-14
MEDICAL UNIVERSITY GRAZ	ERS2294852	SAMEA104693469	32B5	basal cell carcinoma (BCC)	9606	Homo sapiens	human	FFPE	ERP105323	ERX2456828	ERR2437260	ERA1246221	https://www.ebi.ac.uk/ena/portal/api/filereport?accession=ERS2294852&result=read_run&fields=run_accession,fastq_ftp,fastq_md5,fastq_bytes	https://www.ebi.ac.uk/ena/portal/api/filereport?accession=ERS2294852&result=read_run&fields=run_accession,submitted_ftp,submitted_md5,submitted_bytes,submitted_format	2014	human-skin	cutaneous epithelial tumor	skin epithelium	Austria	47.0666667	15.45	32B5	human-associated	metagenome	F27- TCGTCGGCAGCGTCAGATGTGTATAAGAGACAGAGAGTTTGATCCTGGCTCAG;  R357- GTCTCGTGGGCTCGGAGATGTGTATAAGAGACAGCTGCTGCCTYCCGTA	Skin Cancer Microbiome	Illumina MiSeq	16S	ERC000014	127828	76818796	2018-07-23	2018-03-14
MEDICAL UNIVERSITY GRAZ	ERS2294853	SAMEA104693470	33B6	basal cell carcinoma (BCC)	9606	Homo sapiens	human	FFPE	ERP105323	ERX2456829	ERR2437261	ERA1246221	https://www.ebi.ac.uk/ena/portal/api/filereport?accession=ERS2294853&result=read_run&fields=run_accession,fastq_ftp,fastq_md5,fastq_bytes	https://www.ebi.ac.uk/ena/portal/api/filereport?accession=ERS2294853&result=read_run&fields=run_accession,submitted_ftp,submitted_md5,submitted_bytes,submitted_format	2014	human-skin	cutaneous epithelial tumor	skin epithelium	Austria	47.0666667	15.45	33B6	human-associated	metagenome	F27- TCGTCGGCAGCGTCAGATGTGTATAAGAGACAGAGAGTTTGATCCTGGCTCAG;  R357- GTCTCGTGGGCTCGGAGATGTGTATAAGAGACAGCTGCTGCCTYCCGTA	Skin Cancer Microbiome	Illumina MiSeq	16S	ERC000014	167657	100854668	2018-07-23	2018-03-14
MEDICAL UNIVERSITY GRAZ	ERS2294854	SAMEA104693471	36B9	basal cell carcinoma (BCC)	9606	Homo sapiens	human	FFPE	ERP105323	ERX2456830	ERR2437262	ERA1246221	https://www.ebi.ac.uk/ena/portal/api/filereport?accession=ERS2294854&result=read_run&fields=run_accession,fastq_ftp,fastq_md5,fastq_bytes	https://www.ebi.ac.uk/ena/portal/api/filereport?accession=ERS2294854&result=read_run&fields=run_accession,submitted_ftp,submitted_md5,submitted_bytes,submitted_format	2014	human-skin	cutaneous epithelial tumor	skin epithelium	Austria	47.0666667	15.45	36B9	human-associated	metagenome	F27- TCGTCGGCAGCGTCAGATGTGTATAAGAGACAGAGAGTTTGATCCTGGCTCAG;  R357- GTCTCGTGGGCTCGGAGATGTGTATAAGAGACAGCTGCTGCCTYCCGTA	Skin Cancer Microbiome	Illumina MiSeq	16S	ERC000014	157069	94392291	2018-07-23	2018-03-14
MEDICAL UNIVERSITY GRAZ	ERS2294855	SAMEA104693472	37B10	basal cell carcinoma (BCC)	9606	Homo sapiens	human	FFPE	ERP105323	ERX2456831	ERR2437263	ERA1246221	https://www.ebi.ac.uk/ena/portal/api/filereport?accession=ERS2294855&result=read_run&fields=run_accession,fastq_ftp,fastq_md5,fastq_bytes	https://www.ebi.ac.uk/ena/portal/api/filereport?accession=ERS2294855&result=read_run&fields=run_accession,submitted_ftp,submitted_md5,submitted_bytes,submitted_format	2014	human-skin	cutaneous epithelial tumor	skin epithelium	Austria	47.0666667	15.45	37B10	human-associated	metagenome	F27- TCGTCGGCAGCGTCAGATGTGTATAAGAGACAGAGAGTTTGATCCTGGCTCAG;  R357- GTCTCGTGGGCTCGGAGATGTGTATAAGAGACAGCTGCTGCCTYCCGTA	Skin Cancer Microbiome	Illumina MiSeq	16S	ERC000014	141265	84877155	2018-07-23	2018-03-14
MEDICAL UNIVERSITY GRAZ	ERS2294856	SAMEA104693473	38B11	basal cell carcinoma (BCC)	9606	Homo sapiens	human	FFPE	ERP105323	ERX2456832	ERR2437264	ERA1246221	https://www.ebi.ac.uk/ena/portal/api/filereport?accession=ERS2294856&result=read_run&fields=run_accession,fastq_ftp,fastq_md5,fastq_bytes	https://www.ebi.ac.uk/ena/portal/api/filereport?accession=ERS2294856&result=read_run&fields=run_accession,submitted_ftp,submitted_md5,submitted_bytes,submitted_format	2014	human-skin	cutaneous epithelial tumor	skin epithelium	Austria	47.0666667	15.45	38B11	human-associated	metagenome	F27- TCGTCGGCAGCGTCAGATGTGTATAAGAGACAGAGAGTTTGATCCTGGCTCAG;  R357- GTCTCGTGGGCTCGGAGATGTGTATAAGAGACAGCTGCTGCCTYCCGTA	Skin Cancer Microbiome	Illumina MiSeq	16S	ERC000014	185564	111495551	2018-07-23	2018-03-14
MEDICAL UNIVERSITY GRAZ	ERS2294857	SAMEA104693474	39B12	basal cell carcinoma (BCC)	9606	Homo sapiens	human	FFPE	ERP105323	ERX2456833	ERR2437265	ERA1246221	https://www.ebi.ac.uk/ena/portal/api/filereport?accession=ERS2294857&result=read_run&fields=run_accession,fastq_ftp,fastq_md5,fastq_bytes	https://www.ebi.ac.uk/ena/portal/api/filereport?accession=ERS2294857&result=read_run&fields=run_accession,submitted_ftp,submitted_md5,submitted_bytes,submitted_format	2014	human-skin	cutaneous epithelial tumor	skin epithelium	Austria	47.0666667	15.45	39B12	human-associated	metagenome	F27- TCGTCGGCAGCGTCAGATGTGTATAAGAGACAGAGAGTTTGATCCTGGCTCAG;  R357- GTCTCGTGGGCTCGGAGATGTGTATAAGAGACAGCTGCTGCCTYCCGTA	Skin Cancer Microbiome	Illumina MiSeq	16S	ERC000014	280867	168784514	2018-07-23	2018-03-14
MEDICAL UNIVERSITY GRAZ	ERS2294858	SAMEA104693475	40B13	basal cell carcinoma (BCC)	9606	Homo sapiens	human	FFPE	ERP105323	ERX2456835	ERR2437267	ERA1246221	https://www.ebi.ac.uk/ena/portal/api/filereport?accession=ERS2294858&result=read_run&fields=run_accession,fastq_ftp,fastq_md5,fastq_bytes	https://www.ebi.ac.uk/ena/portal/api/filereport?accession=ERS2294858&result=read_run&fields=run_accession,submitted_ftp,submitted_md5,submitted_bytes,submitted_format	2014	human-skin	cutaneous epithelial tumor	skin epithelium	Austria	47.0666667	15.45	40B13	human-associated	metagenome	F27- TCGTCGGCAGCGTCAGATGTGTATAAGAGACAGAGAGTTTGATCCTGGCTCAG;  R357- GTCTCGTGGGCTCGGAGATGTGTATAAGAGACAGCTGCTGCCTYCCGTA	Skin Cancer Microbiome	Illumina MiSeq	16S	ERC000014	469615	282256216	2018-07-23	2018-03-14
MEDICAL UNIVERSITY GRAZ	ERS2294859	SAMEA104693476	46B14	basal cell carcinoma (BCC)	9606	Homo sapiens	human	FFPE	ERP105323	ERX2456836	ERR2437268	ERA1246221	https://www.ebi.ac.uk/ena/portal/api/filereport?accession=ERS2294859&result=read_run&fields=run_accession,fastq_ftp,fastq_md5,fastq_bytes	https://www.ebi.ac.uk/ena/portal/api/filereport?accession=ERS2294859&result=read_run&fields=run_accession,submitted_ftp,submitted_md5,submitted_bytes,submitted_format	2014	human-skin	cutaneous epithelial tumor	skin epithelium	Austria	47.0666667	15.45	46B14	human-associated	metagenome	F27- TCGTCGGCAGCGTCAGATGTGTATAAGAGACAGAGAGTTTGATCCTGGCTCAG;  R357- GTCTCGTGGGCTCGGAGATGTGTATAAGAGACAGCTGCTGCCTYCCGTA	Skin Cancer Microbiome	Illumina MiSeq	16S	ERC000014	51083	30697231	2018-07-23	2018-03-14
MEDICAL UNIVERSITY GRAZ	ERS2294860	SAMEA104693477	48B16	basal cell carcinoma (BCC)	9606	Homo sapiens	human	FFPE	ERP105323	ERX2456837	ERR2437269	ERA1246221	https://www.ebi.ac.uk/ena/portal/api/filereport?accession=ERS2294860&result=read_run&fields=run_accession,fastq_ftp,fastq_md5,fastq_bytes	https://www.ebi.ac.uk/ena/portal/api/filereport?accession=ERS2294860&result=read_run&fields=run_accession,submitted_ftp,submitted_md5,submitted_bytes,submitted_format	2014	human-skin	cutaneous epithelial tumor	skin epithelium	Austria	47.0666667	15.45	48B16	human-associated	metagenome	F27- TCGTCGGCAGCGTCAGATGTGTATAAGAGACAGAGAGTTTGATCCTGGCTCAG;  R357- GTCTCGTGGGCTCGGAGATGTGTATAAGAGACAGCTGCTGCCTYCCGTA	Skin Cancer Microbiome	Illumina MiSeq	16S	ERC000014	114583	68864724	2018-07-23	2018-03-14
MEDICAL UNIVERSITY GRAZ	ERS2486777	SAMEA4666158	49BE	blank extraction	9606	Homo sapiens	human	blank extraction made from the kit used for DNA isolation	ERP105323	ERX2600865	ERR2583858	ERA1487118	https://www.ebi.ac.uk/ena/portal/api/filereport?accession=ERS2486777&result=read_run&fields=run_accession,fastq_ftp,fastq_md5,fastq_bytes	https://www.ebi.ac.uk/ena/portal/api/filereport?accession=ERS2486777&result=read_run&fields=run_accession,submitted_ftp,submitted_md5,submitted_bytes,submitted_format															ERC000011	47304	28416404	2018-07-23	2018-05-16
MEDICAL UNIVERSITY GRAZ	ERS2486778	SAMEA4666159	50PE	paraffin extraction	9606	Homo sapiens	human	extraction made from the adjacent paraffin of the paraffin blocks	ERP105323	ERX2600866	ERR2583859	ERA1487118	https://www.ebi.ac.uk/ena/portal/api/filereport?accession=ERS2486778&result=read_run&fields=run_accession,fastq_ftp,fastq_md5,fastq_bytes	https://www.ebi.ac.uk/ena/portal/api/filereport?accession=ERS2486778&result=read_run&fields=run_accession,submitted_ftp,submitted_md5,submitted_bytes,submitted_format															ERC000011	86442	51909681	2018-07-23	2018-05-16
MEDICAL UNIVERSITY GRAZ	ERS2486779	SAMEA4666160	51NTC3	negative control	9606	Homo sapiens	human	no template for the 16S qPCR used for sequencing	ERP105323	ERX2600867	ERR2583860	ERA1487118	https://www.ebi.ac.uk/ena/portal/api/filereport?accession=ERS2486779&result=read_run&fields=run_accession,fastq_ftp,fastq_md5,fastq_bytes	https://www.ebi.ac.uk/ena/portal/api/filereport?accession=ERS2486779&result=read_run&fields=run_accession,submitted_ftp,submitted_md5,submitted_bytes,submitted_format															ERC000011	35359	21209456	2018-07-23	2018-05-16
